dataset,mu_size,nu_size,cost,iterations,error,cost_rerr,time_unit,time,time_counter,gpu_mem_unit,peak_gpu_mem,combined_peak_gpu_ram,peak_gpu_util_pct,mean_gpu_util_pct,peak_ram_MiB,combined_peak_ram_MiB,max_cpu_util_pct,mean_cpu_util_pct,status,name
2D-gauss-1c-16p,256,256,24.108860587226758,,0,0.0,seconds,0.0,0.009461717680096626,megabytes,0.0,0.0,0.0,0.0,0.0,0.0,0.0,0.0,success,lp
2D-gauss-1c-16p,256,256,193.27029621895957,,0,0.0,seconds,0.0,0.012017102912068367,megabytes,0.0,0.0,0.0,0.0,0.0,0.0,0.0,0.0,success,lp
2D-gauss-1c-16p,256,256,113.15884245237741,,0,0.0,seconds,0.0,0.009657872840762138,megabytes,0.0,0.0,0.0,0.0,0.0,0.0,0.0,0.0,success,lp
2D-gauss-1c-16p,256,256,134.85204686399436,,0,0.0,seconds,0.0,0.007204984314739704,megabytes,0.0,0.0,0.0,0.0,0.0,0.0,0.0,0.0,success,lp
2D-gauss-1c-16p,256,256,14.286225608378432,,0,0.0,seconds,0.0,0.008175558410584927,megabytes,0.0,0.0,0.0,0.0,0.0,0.0,0.0,0.0,success,lp
2D-gauss-1c-16p,256,256,128.4983285943745,,0,0.0,seconds,0.0,0.008324292488396168,megabytes,0.0,0.0,0.0,0.0,0.0,0.0,0.0,0.0,success,lp
2D-gauss-1c-16p,256,256,128.12473961999817,,0,0.0,seconds,0.0,0.009961615316569805,megabytes,0.0,0.0,0.0,0.0,0.0,0.0,0.0,0.0,success,lp
2D-gauss-1c-16p,256,256,237.9516672324268,,0,0.0,seconds,0.0,0.010484435595571995,megabytes,0.0,0.0,0.0,0.0,0.0,0.0,0.0,0.0,success,lp
2D-gauss-1c-16p,256,256,4.942051451112047,,0,0.0,seconds,0.0,0.006683927029371262,megabytes,0.0,0.0,0.0,0.0,0.0,0.0,0.0,0.0,success,lp
2D-gauss-1c-16p,256,256,104.02155089015041,,0,0.0,seconds,0.0,0.011109891347587109,megabytes,0.0,0.0,0.0,0.0,0.0,0.0,0.0,0.0,success,lp
2D-gauss-1c-16p,256,256,35.35601685112641,,0,0.0,seconds,0.0,0.0071390848606824875,megabytes,0.0,0.0,0.0,0.0,0.0,0.0,0.0,0.0,success,lp
2D-gauss-1c-16p,256,256,13.585074608896932,,0,0.0,seconds,0.0,0.008095609955489635,megabytes,0.0,0.0,0.0,0.0,0.0,0.0,0.0,0.0,success,lp
2D-gauss-1c-16p,256,256,64.87695861298958,,0,0.0,seconds,0.0,0.00908863265067339,megabytes,0.0,0.0,0.0,0.0,0.0,0.0,0.0,0.0,success,lp
2D-gauss-1c-16p,256,256,77.46725521657363,,0,0.0,seconds,0.0,0.0106815779581666,megabytes,0.0,0.0,0.0,0.0,0.0,0.0,0.0,0.0,success,lp
2D-gauss-1c-16p,256,256,22.057114174135698,,0,0.0,seconds,0.0,0.009710395708680153,megabytes,0.0,0.0,0.0,0.0,0.0,0.0,0.0,0.0,success,lp
2D-gauss-1c-16p,256,256,242.4561729043507,,0,0.0,seconds,0.0,0.012430415488779545,megabytes,0.0,0.0,0.0,0.0,0.0,0.0,0.0,0.0,success,lp
2D-gauss-1c-16p,256,256,121.4089718041586,,0,0.0,seconds,0.0,0.01097019575536251,megabytes,0.0,0.0,0.0,0.0,0.0,0.0,0.0,0.0,success,lp
2D-gauss-1c-16p,256,256,114.73263235857884,,0,0.0,seconds,0.0,0.009672855958342552,megabytes,0.0,0.0,0.0,0.0,0.0,0.0,0.0,0.0,success,lp
2D-gauss-1c-16p,256,256,313.40462991748933,,0,0.0,seconds,0.0,0.007499312050640583,megabytes,0.0,0.0,0.0,0.0,0.0,0.0,0.0,0.0,success,lp
2D-gauss-1c-16p,256,256,45.191067318474275,,0,0.0,seconds,0.0,0.007925810292363167,megabytes,0.0,0.0,0.0,0.0,0.0,0.0,0.0,0.0,success,lp
2D-gauss-1c-16p,256,256,269.25062563474546,,0,0.0,seconds,0.0,0.008890830911695957,megabytes,0.0,0.0,0.0,0.0,0.0,0.0,0.0,0.0,success,lp
2D-gauss-1c-16p,256,256,58.55094612962127,,0,0.0,seconds,0.0,0.009482954628765583,megabytes,0.0,0.0,0.0,0.0,0.0,0.0,0.0,0.0,success,lp
2D-gauss-1c-16p,256,256,34.52247842096894,,0,0.0,seconds,0.0,0.00806232076138258,megabytes,0.0,0.0,0.0,0.0,0.0,0.0,0.0,0.0,success,lp
2D-gauss-1c-16p,256,256,187.011357399281,,0,0.0,seconds,0.0,0.011054412461817265,megabytes,0.0,0.0,0.0,0.0,0.0,0.0,0.0,0.0,success,lp
2D-gauss-1c-16p,256,256,32.18062871255334,,0,0.0,seconds,0.0,0.008491120301187038,megabytes,0.0,0.0,0.0,0.0,0.0,0.0,0.0,0.0,success,lp
2D-gauss-1c-16p,256,256,129.30369260212748,,0,0.0,seconds,0.0,0.008227660320699215,megabytes,0.0,0.0,0.0,0.0,0.0,0.0,0.0,0.0,success,lp
2D-gauss-1c-16p,256,256,8.09605449724034,,0,0.0,seconds,0.0,0.007443352602422237,megabytes,0.0,0.0,0.0,0.0,0.0,0.0,0.0,0.0,success,lp
2D-gauss-1c-16p,256,256,85.75757641468898,,0,0.0,seconds,0.0,0.008519919589161873,megabytes,0.0,0.0,0.0,0.0,0.0,0.0,0.0,0.0,success,lp
2D-gauss-1c-16p,256,256,183.83985400031375,,0,0.0,seconds,0.0,0.01099998690187931,megabytes,0.0,0.0,0.0,0.0,0.0,0.0,0.0,0.0,success,lp
2D-gauss-2c-16p,256,256,159.72141249130252,,0,0.0,seconds,0.0,0.0125174131244421,megabytes,0.0,0.0,0.0,0.0,0.0,0.0,0.0,0.0,success,lp
2D-gauss-2c-16p,256,256,62.83125447654223,,0,0.0,seconds,0.0,0.008979600854218006,megabytes,0.0,0.0,0.0,0.0,0.0,0.0,0.0,0.0,success,lp
2D-gauss-2c-16p,256,256,39.82937072702463,,0,0.0,seconds,0.0,0.011613862589001656,megabytes,0.0,0.0,0.0,0.0,0.0,0.0,0.0,0.0,success,lp
2D-gauss-2c-16p,256,256,101.15873847787134,,0,0.0,seconds,0.0,0.012599349021911621,megabytes,0.0,0.0,0.0,0.0,0.0,0.0,0.0,0.0,success,lp
2D-gauss-2c-16p,256,256,183.48034283549833,,0,0.0,seconds,0.0,0.010936083272099495,megabytes,0.0,0.0,0.0,0.0,0.0,0.0,0.0,0.0,success,lp
2D-gauss-2c-16p,256,256,130.01564995168084,,0,0.0,seconds,0.0,0.009639749303460121,megabytes,0.0,0.0,0.0,0.0,0.0,0.0,0.0,0.0,success,lp
2D-gauss-2c-16p,256,256,87.64188572773975,,0,0.0,seconds,0.0,0.009366331622004509,megabytes,0.0,0.0,0.0,0.0,0.0,0.0,0.0,0.0,success,lp
2D-gauss-2c-16p,256,256,23.688511423527633,,0,0.0,seconds,0.0,0.011301776394248009,megabytes,0.0,0.0,0.0,0.0,0.0,0.0,0.0,0.0,success,lp
2D-gauss-2c-16p,256,256,85.62625154155752,,0,0.0,seconds,0.0,0.00905015878379345,megabytes,0.0,0.0,0.0,0.0,0.0,0.0,0.0,0.0,success,lp
2D-gauss-2c-16p,256,256,133.83880018410886,,0,0.0,seconds,0.0,0.01202077604830265,megabytes,0.0,0.0,0.0,0.0,0.0,0.0,0.0,0.0,success,lp
2D-gauss-2c-16p,256,256,47.97796976760444,,0,0.0,seconds,0.0,0.008808393031358719,megabytes,0.0,0.0,0.0,0.0,0.0,0.0,0.0,0.0,success,lp
2D-gauss-2c-16p,256,256,166.38893627340852,,0,0.0,seconds,0.0,0.01274488028138876,megabytes,0.0,0.0,0.0,0.0,0.0,0.0,0.0,0.0,success,lp
2D-gauss-2c-16p,256,256,95.40816930808016,,0,0.0,seconds,0.0,0.009970184415578842,megabytes,0.0,0.0,0.0,0.0,0.0,0.0,0.0,0.0,success,lp
2D-gauss-2c-16p,256,256,28.118472946910284,,0,0.0,seconds,0.0,0.008291204459965229,megabytes,0.0,0.0,0.0,0.0,0.0,0.0,0.0,0.0,success,lp
2D-gauss-2c-16p,256,256,8.903632201154494,,0,0.0,seconds,0.0,0.007566390559077263,megabytes,0.0,0.0,0.0,0.0,0.0,0.0,0.0,0.0,success,lp
2D-gauss-2c-16p,256,256,50.02208480775864,,0,0.0,seconds,0.0,0.011945182457566261,megabytes,0.0,0.0,0.0,0.0,0.0,0.0,0.0,0.0,success,lp
2D-gauss-2c-16p,256,256,59.22424026814987,,0,0.0,seconds,0.0,0.008613666519522667,megabytes,0.0,0.0,0.0,0.0,0.0,0.0,0.0,0.0,success,lp
2D-gauss-2c-16p,256,256,41.99026988600284,,0,0.0,seconds,0.0,0.009515386074781418,megabytes,0.0,0.0,0.0,0.0,0.0,0.0,0.0,0.0,success,lp
2D-gauss-2c-16p,256,256,34.23768602258742,,0,0.0,seconds,0.0,0.009246330708265305,megabytes,0.0,0.0,0.0,0.0,0.0,0.0,0.0,0.0,success,lp
2D-gauss-2c-16p,256,256,79.16447656745547,,0,0.0,seconds,0.0,0.00927541870623827,megabytes,0.0,0.0,0.0,0.0,0.0,0.0,0.0,0.0,success,lp
2D-gauss-2c-16p,256,256,51.54701879889643,,0,0.0,seconds,0.0,0.009817665442824364,megabytes,0.0,0.0,0.0,0.0,0.0,0.0,0.0,0.0,success,lp
2D-gauss-2c-16p,256,256,43.450738400010245,,0,0.0,seconds,0.0,0.009550254791975021,megabytes,0.0,0.0,0.0,0.0,0.0,0.0,0.0,0.0,success,lp
2D-gauss-2c-16p,256,256,56.777939465114926,,0,0.0,seconds,0.0,0.009482944384217262,megabytes,0.0,0.0,0.0,0.0,0.0,0.0,0.0,0.0,success,lp
2D-gauss-2c-16p,256,256,13.986322417874627,,0,0.0,seconds,0.0,0.009044123813509941,megabytes,0.0,0.0,0.0,0.0,0.0,0.0,0.0,0.0,success,lp
2D-gauss-2c-16p,256,256,162.42142121479358,,0,0.0,seconds,0.0,0.01515968143939972,megabytes,0.0,0.0,0.0,0.0,0.0,0.0,0.0,0.0,success,lp
2D-gauss-2c-16p,256,256,56.72763474313173,,0,0.0,seconds,0.0,0.008581159636378288,megabytes,0.0,0.0,0.0,0.0,0.0,0.0,0.0,0.0,success,lp
2D-gauss-2c-16p,256,256,47.24313849351716,,0,0.0,seconds,0.0,0.009017247706651688,megabytes,0.0,0.0,0.0,0.0,0.0,0.0,0.0,0.0,success,lp
2D-gauss-2c-16p,256,256,27.204697820719947,,0,0.0,seconds,0.0,0.007856456562876701,megabytes,0.0,0.0,0.0,0.0,0.0,0.0,0.0,0.0,success,lp
2D-gauss-2c-16p,256,256,24.42387255063788,,0,0.0,seconds,0.0,0.010535292327404022,megabytes,0.0,0.0,0.0,0.0,0.0,0.0,0.0,0.0,success,lp
2D-gauss-4c-16p,256,256,28.79225795936702,,0,0.0,seconds,0.0,0.009710349142551422,megabytes,0.0,0.0,0.0,0.0,0.0,0.0,0.0,0.0,success,lp
2D-gauss-4c-16p,256,256,54.65991233631732,,0,0.0,seconds,0.0,0.009247401729226112,megabytes,0.0,0.0,0.0,0.0,0.0,0.0,0.0,0.0,success,lp
2D-gauss-4c-16p,256,256,51.386035356579214,,0,0.0,seconds,0.0,0.01039746031165123,megabytes,0.0,0.0,0.0,0.0,0.0,0.0,0.0,0.0,success,lp
2D-gauss-4c-16p,256,256,20.078226862508817,,0,0.0,seconds,0.0,0.009822490625083447,megabytes,0.0,0.0,0.0,0.0,0.0,0.0,0.0,0.0,success,lp
2D-gauss-4c-16p,256,256,117.53112969200632,,0,0.0,seconds,0.0,0.010710065253078938,megabytes,0.0,0.0,0.0,0.0,0.0,0.0,0.0,0.0,success,lp
2D-gauss-4c-16p,256,256,82.34097457459012,,0,0.0,seconds,0.0,0.014242148958146572,megabytes,0.0,0.0,0.0,0.0,0.0,0.0,0.0,0.0,success,lp
2D-gauss-4c-16p,256,256,21.106482022134244,,0,0.0,seconds,0.0,0.010589462704956532,megabytes,0.0,0.0,0.0,0.0,0.0,0.0,0.0,0.0,success,lp
2D-gauss-4c-16p,256,256,46.43241109103028,,0,0.0,seconds,0.0,0.010807964950799942,megabytes,0.0,0.0,0.0,0.0,0.0,0.0,0.0,0.0,success,lp
2D-gauss-4c-16p,256,256,55.800136119480875,,0,0.0,seconds,0.0,0.011296410113573074,megabytes,0.0,0.0,0.0,0.0,0.0,0.0,0.0,0.0,success,lp
2D-gauss-4c-16p,256,256,91.75072507971454,,0,0.0,seconds,0.0,0.010333276353776455,megabytes,0.0,0.0,0.0,0.0,0.0,0.0,0.0,0.0,success,lp
2D-gauss-4c-16p,256,256,49.824161270305744,,0,0.0,seconds,0.0,0.010397857055068016,megabytes,0.0,0.0,0.0,0.0,0.0,0.0,0.0,0.0,success,lp
2D-gauss-4c-16p,256,256,58.608038150527086,,0,0.0,seconds,0.0,0.010391323827207088,megabytes,0.0,0.0,0.0,0.0,0.0,0.0,0.0,0.0,success,lp
2D-gauss-4c-16p,256,256,38.07455657954426,,0,0.0,seconds,0.0,0.010168243199586868,megabytes,0.0,0.0,0.0,0.0,0.0,0.0,0.0,0.0,success,lp
2D-gauss-4c-16p,256,256,43.50748743930871,,0,0.0,seconds,0.0,0.009319283999502659,megabytes,0.0,0.0,0.0,0.0,0.0,0.0,0.0,0.0,success,lp
2D-gauss-4c-16p,256,256,18.654853241082062,,0,0.0,seconds,0.0,0.008908755145967007,megabytes,0.0,0.0,0.0,0.0,0.0,0.0,0.0,0.0,success,lp
2D-gauss-4c-16p,256,256,55.31662508967679,,0,0.0,seconds,0.0,0.010508133098483086,megabytes,0.0,0.0,0.0,0.0,0.0,0.0,0.0,0.0,success,lp
2D-gauss-4c-16p,256,256,34.07319443852002,,0,0.0,seconds,0.0,0.00876693893224001,megabytes,0.0,0.0,0.0,0.0,0.0,0.0,0.0,0.0,success,lp
2D-gauss-4c-16p,256,256,19.797904496622827,,0,0.0,seconds,0.0,0.009514001198112965,megabytes,0.0,0.0,0.0,0.0,0.0,0.0,0.0,0.0,success,lp
2D-gauss-4c-16p,256,256,68.24412087308446,,0,0.0,seconds,0.0,0.011601278558373451,megabytes,0.0,0.0,0.0,0.0,0.0,0.0,0.0,0.0,success,lp
2D-gauss-4c-16p,256,256,43.936604075407246,,0,0.0,seconds,0.0,0.010380195453763008,megabytes,0.0,0.0,0.0,0.0,0.0,0.0,0.0,0.0,success,lp
2D-gauss-4c-16p,256,256,72.90901912751285,,0,0.0,seconds,0.0,0.00904909148812294,megabytes,0.0,0.0,0.0,0.0,0.0,0.0,0.0,0.0,success,lp
2D-gauss-4c-16p,256,256,39.8909302537836,,0,0.0,seconds,0.0,0.010091480799019337,megabytes,0.0,0.0,0.0,0.0,0.0,0.0,0.0,0.0,success,lp
2D-gauss-4c-16p,256,256,34.76101813027311,,0,0.0,seconds,0.0,0.009215634316205978,megabytes,0.0,0.0,0.0,0.0,0.0,0.0,0.0,0.0,success,lp
2D-gauss-4c-16p,256,256,23.028946224556133,,0,0.0,seconds,0.0,0.008798175491392612,megabytes,0.0,0.0,0.0,0.0,0.0,0.0,0.0,0.0,success,lp
2D-gauss-4c-16p,256,256,26.120862915721435,,0,0.0,seconds,0.0,0.010205649770796299,megabytes,0.0,0.0,0.0,0.0,0.0,0.0,0.0,0.0,success,lp
2D-gauss-4c-16p,256,256,30.37063367631272,,0,0.0,seconds,0.0,0.009014798328280449,megabytes,0.0,0.0,0.0,0.0,0.0,0.0,0.0,0.0,success,lp
2D-gauss-4c-16p,256,256,40.384311826585,,0,0.0,seconds,0.0,0.00913213100284338,megabytes,0.0,0.0,0.0,0.0,0.0,0.0,0.0,0.0,success,lp
2D-gauss-4c-16p,256,256,49.30086800997052,,0,0.0,seconds,0.0,0.01015088614076376,megabytes,0.0,0.0,0.0,0.0,0.0,0.0,0.0,0.0,success,lp
2D-gauss-4c-16p,256,256,69.54331140944579,,0,0.0,seconds,0.0,0.01648210920393467,megabytes,0.0,0.0,0.0,0.0,0.0,0.0,0.0,0.0,success,lp
2D-gauss-1c-32p,1024,1024,23.59309055273299,,0,0.0,seconds,0.4435594081878662,0.29488540906459093,megabytes,552.0,552.0,0.0,0.0,0.204394496,0.204394496,0.78671875,0.495703125,success,lp
2D-gauss-1c-32p,1024,1024,190.79104844817752,,0,0.0,seconds,0.25270986557006836,0.25626656599342823,megabytes,552.0,552.0,0.0,0.0,0.198545408,0.198545408,0.7609375,0.7609375,success,lp
2D-gauss-1c-32p,1024,1024,111.46173286234198,,0,0.0,seconds,0.2507176399230957,0.16158834658563137,megabytes,552.0,552.0,0.0,0.0,0.19853721600000002,0.19853721600000002,0.390625,0.390625,success,lp
2D-gauss-1c-32p,1024,1024,134.0124121618986,,0,0.0,seconds,0.2529306411743164,0.14180950913578272,megabytes,552.0,552.0,0.0,0.0,0.19810304,0.19810304,0.3484375,0.3484375,success,lp
2D-gauss-1c-32p,1024,1024,13.86848222041559,,0,0.0,seconds,0.24082088470458984,0.14624000899493694,megabytes,552.0,552.0,0.0,0.0,0.198557696,0.198557696,0.39296875,0.39296875,success,lp
2D-gauss-1c-32p,1024,1024,127.32163829211746,,0,0.0,seconds,0.21939826011657715,0.13131474796682596,megabytes,552.0,552.0,0.0,0.0,0.19853312,0.19853312,0.35703125,0.35703125,success,lp
2D-gauss-1c-32p,1024,1024,127.44107969139274,,0,0.0,seconds,0.23024487495422363,0.2331629889085889,megabytes,552.0,552.0,0.0,0.0,0.19854131200000003,0.19854131200000003,0.775,0.775,success,lp
2D-gauss-1c-32p,1024,1024,232.25500590992294,,0,0.0,seconds,0.42638564109802246,0.34387909062206745,megabytes,552.0,552.0,0.0,0.0,0.204382208,0.204382208,0.80703125,0.601171875,success,lp
2D-gauss-1c-32p,1024,1024,4.247751065822914,,0,0.0,seconds,0.24576020240783691,0.12652175594121218,megabytes,552.0,552.0,0.0,0.0,0.194985984,0.194985984,0.3078125,0.3078125,success,lp
2D-gauss-1c-32p,1024,1024,102.15691791889299,,0,0.0,seconds,0.22720575332641602,0.23506969213485718,megabytes,552.0,552.0,0.0,0.0,0.198606848,0.198606848,0.79921875,0.79921875,success,lp
2D-gauss-1c-32p,1024,1024,33.94742346729883,,0,0.0,seconds,0.20887422561645508,0.10020927991718054,megabytes,552.0,552.0,0.0,0.0,0.19515392,0.19515392,0.3109375,0.3109375,success,lp
2D-gauss-1c-32p,1024,1024,13.064294401188931,,0,0.0,seconds,0.22605085372924805,0.12486998550593853,megabytes,552.0,552.0,0.0,0.0,0.198520832,0.198520832,0.31171875,0.31171875,success,lp
2D-gauss-1c-32p,1024,1024,64.38472489593386,,0,0.0,seconds,0.24907374382019043,0.2636410603299737,megabytes,552.0,552.0,0.0,0.0,0.198631424,0.198631424,0.78828125,0.78828125,success,lp
2D-gauss-1c-32p,1024,1024,75.45635706252651,,0,0.0,seconds,0.4184448719024658,0.31300764810293913,megabytes,552.0,552.0,0.0,0.0,0.204394496,0.204394496,0.81640625,0.546875,success,lp
2D-gauss-1c-32p,1024,1024,20.838728224965614,,0,0.0,seconds,0.2632884979248047,0.23762330878525972,megabytes,552.0,552.0,0.0,0.0,0.198643712,0.198643712,0.7203125,0.7203125,success,lp
2D-gauss-1c-32p,1024,1024,239.07329993243718,,0,0.0,seconds,0.23279523849487305,0.13532057218253613,megabytes,552.0,552.0,0.0,0.0,0.198434816,0.198434816,0.35,0.35,success,lp
2D-gauss-1c-32p,1024,1024,121.02142036155385,,0,0.0,seconds,0.22162413597106934,0.111222087405622,megabytes,552.0,552.0,0.0,0.0,0.198483968,0.198483968,0.26171875,0.26171875,success,lp
2D-gauss-1c-32p,1024,1024,113.14499943204545,,0,0.0,seconds,0.23174548149108887,0.21744719333946705,megabytes,552.0,552.0,0.0,0.0,0.19853312,0.19853312,0.7375,0.7375,success,lp
2D-gauss-1c-32p,1024,1024,305.16408349456117,,0,0.0,seconds,0.228776216506958,0.11522180493921041,megabytes,552.0,552.0,0.0,0.0,0.19743948800000002,0.19743948800000002,0.31015625,0.31015625,success,lp
2D-gauss-1c-32p,1024,1024,44.54259134055836,,0,0.0,seconds,0.2174389362335205,0.11006988026201725,megabytes,552.0,552.0,0.0,0.0,0.197341184,0.197341184,0.3078125,0.3078125,success,lp
2D-gauss-1c-32p,1024,1024,267.1434650274287,,0,0.0,seconds,0.21283793449401855,0.11514873523265123,megabytes,552.0,552.0,0.0,0.0,0.19885670400000002,0.19885670400000002,0.31015625,0.31015625,success,lp
2D-gauss-1c-32p,1024,1024,56.64156546704138,,0,0.0,seconds,0.22750639915466309,0.13020952977240086,megabytes,552.0,552.0,0.0,0.0,0.19880755200000003,0.19880755200000003,0.35390625,0.35390625,success,lp
2D-gauss-1c-32p,1024,1024,34.287510465929124,,0,0.0,seconds,0.21216201782226562,0.1263746814802289,megabytes,552.0,552.0,0.0,0.0,0.19848806400000002,0.19848806400000002,0.39375,0.39375,success,lp
2D-gauss-1c-32p,1024,1024,184.19191196731276,,0,0.0,seconds,0.4243593215942383,0.35289710108190775,megabytes,552.0,552.0,0.0,0.0,0.20428800000000003,0.20428800000000003,0.78046875,0.597265625,success,lp
2D-gauss-1c-32p,1024,1024,31.905193105004592,,0,0.0,seconds,0.21892213821411133,0.17026944179087877,megabytes,552.0,552.0,0.0,0.0,0.19860275200000002,0.19860275200000002,0.53203125,0.53203125,success,lp
2D-gauss-1c-32p,1024,1024,128.90315902557506,,0,0.0,seconds,0.24305009841918945,0.1305306851863861,megabytes,552.0,552.0,0.0,0.0,0.19857817600000002,0.19857817600000002,0.33359375,0.33359375,success,lp
2D-gauss-1c-32p,1024,1024,7.28754227309249,,0,0.0,seconds,0.2104182243347168,0.0903795761987567,megabytes,552.0,552.0,0.0,0.0,0.195735552,0.195735552,0.26640625,0.26640625,success,lp
2D-gauss-1c-32p,1024,1024,83.42502870282357,,0,0.0,seconds,0.2154369354248047,0.14216020796447992,megabytes,552.0,552.0,0.0,0.0,0.19855360000000002,0.19855360000000002,0.440625,0.440625,success,lp
2D-gauss-1c-32p,1024,1024,180.573066722743,,0,0.0,seconds,0.426419734954834,0.2741518383845687,megabytes,552.0,552.0,0.0,0.0,0.20801945600000002,0.20801945600000002,0.79453125,0.42031250000000003,success,lp
2D-gauss-2c-32p,1024,1024,158.98121657334258,,0,0.0,seconds,0.22713589668273926,0.32361015025526285,megabytes,552.0,552.0,0.0,0.0,0.19852492800000002,0.19852492800000002,0.778125,0.778125,success,lp
2D-gauss-2c-32p,1024,1024,58.79501545136442,,0,0.0,seconds,0.2883455753326416,0.1655400013551116,megabytes,552.0,552.0,0.0,0.0,0.19857817600000002,0.19857817600000002,0.26484375,0.26484375,success,lp
2D-gauss-2c-32p,1024,1024,39.39121791821465,,0,0.0,seconds,0.2508242130279541,0.28345442563295364,megabytes,552.0,552.0,0.0,0.0,0.198623232,0.198623232,0.753125,0.753125,success,lp
2D-gauss-2c-32p,1024,1024,100.04496511319147,,0,0.0,seconds,0.4302544593811035,0.37497534696012735,megabytes,552.0,552.0,0.0,0.0,0.20420608,0.20420608,0.75,0.68203125,success,lp
2D-gauss-2c-32p,1024,1024,180.10510928590236,,0,0.0,seconds,0.40904712677001953,0.27134669199585915,megabytes,552.0,552.0,0.0,0.0,0.20422656,0.20422656,0.80234375,0.470703125,success,lp
2D-gauss-2c-32p,1024,1024,129.60245143872828,,0,0.0,seconds,0.4193270206451416,0.2380756950005889,megabytes,552.0,552.0,0.0,0.0,0.19850035200000002,0.19850035200000002,0.7515625,0.37578125,success,lp
2D-gauss-2c-32p,1024,1024,84.0920136149117,,0,0.0,seconds,0.2259681224822998,0.16463657468557358,megabytes,552.0,552.0,0.0,0.0,0.19859456,0.19859456,0.50234375,0.50234375,success,lp
2D-gauss-2c-32p,1024,1024,22.99500856476589,,0,0.0,seconds,0.42099857330322266,0.33143793419003487,megabytes,552.0,552.0,0.0,0.0,0.204218368,0.204218368,0.80234375,0.579296875,success,lp
2D-gauss-2c-32p,1024,1024,84.72011574791095,,0,0.0,seconds,0.22737336158752441,0.2131018564105034,megabytes,552.0,552.0,0.0,0.0,0.198582272,0.198582272,0.70078125,0.70078125,success,lp
2D-gauss-2c-32p,1024,1024,125.63471022117358,,0,0.0,seconds,0.41559457778930664,0.2586525231599808,megabytes,552.0,552.0,0.0,0.0,0.21218508800000002,0.21218508800000002,0.77734375,0.435546875,success,lp
2D-gauss-2c-32p,1024,1024,47.08868999828272,,0,0.0,seconds,0.22635936737060547,0.16442337818443775,megabytes,552.0,552.0,0.0,0.0,0.19859456,0.19859456,0.48828125,0.48828125,success,lp
2D-gauss-2c-32p,1024,1024,162.3754362034174,,0,0.0,seconds,0.6978018283843994,0.5243944777175784,megabytes,552.0,552.0,0.0,0.0,0.204263424,0.204263424,0.7984375,0.5291666666666667,success,lp
2D-gauss-2c-32p,1024,1024,93.09375960713653,,0,0.0,seconds,0.21292376518249512,0.21639236249029636,megabytes,552.0,552.0,0.0,0.0,0.19852902400000003,0.19852902400000003,0.7828125,0.7828125,success,lp
2D-gauss-2c-32p,1024,1024,26.69626340690357,,0,0.0,seconds,0.2833385467529297,0.21349675860255957,megabytes,552.0,552.0,0.0,0.0,0.19853312,0.19853312,0.540625,0.540625,success,lp
2D-gauss-2c-32p,1024,1024,8.28157430955664,,0,0.0,seconds,0.25397443771362305,0.15253320708870888,megabytes,552.0,552.0,0.0,0.0,0.198582272,0.198582272,0.415625,0.415625,success,lp
2D-gauss-2c-32p,1024,1024,51.49941296369291,,0,0.0,seconds,0.25931429862976074,0.2487720251083374,megabytes,552.0,552.0,0.0,0.0,0.198557696,0.198557696,0.7125,0.7125,success,lp
2D-gauss-2c-32p,1024,1024,53.57986264329663,,0,0.0,seconds,0.22162747383117676,0.1764539945870638,megabytes,552.0,552.0,0.0,0.0,0.19853312,0.19853312,0.56484375,0.56484375,success,lp
2D-gauss-2c-32p,1024,1024,46.64022081403353,,0,0.0,seconds,0.2393357753753662,0.25404923502355814,megabytes,552.0,552.0,0.0,0.0,0.198557696,0.198557696,0.78203125,0.78203125,success,lp
2D-gauss-2c-32p,1024,1024,33.7228151677984,,0,0.0,seconds,0.24219632148742676,0.19186468608677387,megabytes,552.0,552.0,0.0,0.0,0.19856179200000001,0.19856179200000001,0.5296875,0.5296875,success,lp
2D-gauss-2c-32p,1024,1024,78.14829936495696,,0,0.0,seconds,0.21981120109558105,0.17234114650636911,megabytes,552.0,552.0,0.0,0.0,0.19854950400000002,0.19854950400000002,0.575,0.575,success,lp
2D-gauss-2c-32p,1024,1024,50.74137251418376,,0,0.0,seconds,0.2757260799407959,0.19873896427452564,megabytes,552.0,552.0,0.0,0.0,0.19859046400000002,0.19859046400000002,0.4359375,0.4359375,success,lp
2D-gauss-2c-32p,1024,1024,46.023475776050304,,0,0.0,seconds,0.2918281555175781,0.1687914440408349,megabytes,552.0,552.0,0.0,0.0,0.198504448,0.198504448,0.290625,0.290625,success,lp
2D-gauss-2c-32p,1024,1024,54.54746668999444,,0,0.0,seconds,0.4028818607330322,0.2619866319000721,megabytes,552.0,552.0,0.0,0.0,0.204251136,0.204251136,0.79453125,0.466796875,success,lp
2D-gauss-2c-32p,1024,1024,13.799979724363217,,0,0.0,seconds,0.41390323638916016,0.2398193133994937,megabytes,552.0,552.0,0.0,0.0,0.19851264000000002,0.19851264000000002,0.7796875,0.38984375,success,lp
2D-gauss-2c-32p,1024,1024,154.37128524413404,,0,0.0,seconds,0.43645787239074707,0.4233818780630827,megabytes,552.0,552.0,0.0,0.0,0.204230656,0.204230656,0.78125,0.7296875,success,lp
2D-gauss-2c-32p,1024,1024,54.187035063945444,,0,0.0,seconds,0.22072720527648926,0.18104070704430342,megabytes,552.0,552.0,0.0,0.0,0.19849216,0.19849216,0.584375,0.584375,success,lp
2D-gauss-2c-32p,1024,1024,48.91091435530654,,0,0.0,seconds,0.2238917350769043,0.19410488288849592,megabytes,552.0,552.0,0.0,0.0,0.198520832,0.198520832,0.65,0.65,success,lp
2D-gauss-2c-32p,1024,1024,25.645032588141692,,0,0.0,seconds,0.21013951301574707,0.19562336057424545,megabytes,552.0,552.0,0.0,0.0,0.198508544,0.198508544,0.71484375,0.71484375,success,lp
2D-gauss-2c-32p,1024,1024,22.722330153538103,,0,0.0,seconds,0.4408705234527588,0.3901173211634159,megabytes,552.0,552.0,0.0,0.0,0.20421017600000002,0.20421017600000002,0.80390625,0.68125,success,lp
2D-gauss-4c-32p,1024,1024,28.209814390048304,,0,0.0,seconds,0.22373700141906738,0.16896575782448053,megabytes,552.0,552.0,0.0,0.0,0.19852902400000003,0.19852902400000003,0.56875,0.56875,success,lp
2D-gauss-4c-32p,1024,1024,53.428121956068075,,0,0.0,seconds,0.2243192195892334,0.18812172021716833,megabytes,552.0,552.0,0.0,0.0,0.198545408,0.198545408,0.6203125,0.6203125,success,lp
2D-gauss-4c-32p,1024,1024,50.251678420210965,,0,0.0,seconds,0.23413753509521484,0.22300954908132553,megabytes,552.0,552.0,0.0,0.0,0.198557696,0.198557696,0.76015625,0.76015625,success,lp
2D-gauss-4c-32p,1024,1024,16.22373681614342,,0,0.0,seconds,0.21775269508361816,0.2129584439098835,megabytes,552.0,552.0,0.0,0.0,0.19853312,0.19853312,0.75234375,0.75234375,success,lp
2D-gauss-4c-32p,1024,1024,113.97375564836561,,0,0.0,seconds,0.2307729721069336,0.18035137373954058,megabytes,552.0,552.0,0.0,0.0,0.198623232,0.198623232,0.5328125,0.5328125,success,lp
2D-gauss-4c-32p,1024,1024,82.07832002206254,,0,0.0,seconds,0.41742658615112305,0.40868162270635366,megabytes,552.0,552.0,0.0,0.0,0.204189696,0.204189696,0.78671875,0.7386718750000001,success,lp
2D-gauss-4c-32p,1024,1024,19.72407072744132,,0,0.0,seconds,0.20908212661743164,0.20362505223602057,megabytes,552.0,552.0,0.0,0.0,0.19854950400000002,0.19854950400000002,0.79765625,0.79765625,success,lp
2D-gauss-4c-32p,1024,1024,32.40150400000137,,0,0.0,seconds,0.24168968200683594,0.24997560493648052,megabytes,552.0,552.0,0.0,0.0,0.19852902400000003,0.19852902400000003,0.8,0.8,success,lp
2D-gauss-4c-32p,1024,1024,49.88196275274247,,0,0.0,seconds,0.25182461738586426,0.2301110103726387,megabytes,552.0,552.0,0.0,0.0,0.198619136,0.198619136,0.7203125,0.7203125,success,lp
2D-gauss-4c-32p,1024,1024,86.62774220251602,,0,0.0,seconds,0.5023608207702637,0.36531189549714327,megabytes,552.0,552.0,0.0,0.0,0.20427571200000003,0.20427571200000003,0.765625,0.50234375,success,lp
2D-gauss-4c-32p,1024,1024,48.9920731425625,,0,0.0,seconds,0.21014642715454102,0.2027244158089161,megabytes,552.0,552.0,0.0,0.0,0.19857817600000002,0.19857817600000002,0.70546875,0.70546875,success,lp
2D-gauss-4c-32p,1024,1024,57.61604726718127,,0,0.0,seconds,0.2427511215209961,0.26507819443941116,megabytes,552.0,552.0,0.0,0.0,0.19855360000000002,0.19855360000000002,0.78671875,0.78671875,success,lp
2D-gauss-4c-32p,1024,1024,31.606274688217518,,0,0.0,seconds,0.2749626636505127,0.2738252682611346,megabytes,552.0,552.0,0.0,0.0,0.19863961600000002,0.19863961600000002,0.79609375,0.79609375,success,lp
2D-gauss-4c-32p,1024,1024,33.66524133352392,,0,0.0,seconds,0.27372193336486816,0.15149757824838161,megabytes,552.0,552.0,0.0,0.0,0.19853312,0.19853312,0.25703125,0.25703125,success,lp
2D-gauss-4c-32p,1024,1024,23.7528269557814,,0,0.0,seconds,0.2243785858154297,0.17983498331159353,megabytes,552.0,552.0,0.0,0.0,0.198569984,0.198569984,0.61953125,0.61953125,success,lp
2D-gauss-4c-32p,1024,1024,50.97142285944485,,0,0.0,seconds,0.21020245552062988,0.19185441825538874,megabytes,552.0,552.0,0.0,0.0,0.19857817600000002,0.19857817600000002,0.73359375,0.73359375,success,lp
2D-gauss-4c-32p,1024,1024,28.554988140385678,,0,0.0,seconds,0.25288939476013184,0.1919316155835986,megabytes,552.0,552.0,0.0,0.0,0.198598656,0.198598656,0.5625,0.5625,success,lp
2D-gauss-4c-32p,1024,1024,21.606900615598562,,0,0.0,seconds,0.23633289337158203,0.16602320317178965,megabytes,552.0,552.0,0.0,0.0,0.198598656,0.198598656,0.49765625,0.49765625,success,lp
2D-gauss-4c-32p,1024,1024,65.86388951894126,,0,0.0,seconds,0.49390625953674316,0.34340005088597536,megabytes,552.0,552.0,0.0,0.0,0.204238848,0.204238848,0.7921875,0.45859375,success,lp
2D-gauss-4c-32p,1024,1024,40.097870460781905,,0,0.0,seconds,0.20959854125976562,0.21012083441019058,megabytes,552.0,552.0,0.0,0.0,0.198545408,0.198545408,0.790625,0.790625,success,lp
2D-gauss-4c-32p,1024,1024,67.68890885875696,,0,0.0,seconds,0.21560430526733398,0.20340944733470678,megabytes,552.0,552.0,0.0,0.0,0.198631424,0.198631424,0.746875,0.746875,success,lp
2D-gauss-4c-32p,1024,1024,37.347965517156275,,0,0.0,seconds,0.41551828384399414,0.23772093933075666,megabytes,552.0,552.0,0.0,0.0,0.198598656,0.198598656,0.76484375,0.382421875,success,lp
2D-gauss-4c-32p,1024,1024,33.507439150326995,,0,0.0,seconds,0.22178959846496582,0.20899818930774927,megabytes,552.0,552.0,0.0,0.0,0.19860275200000002,0.19860275200000002,0.75078125,0.75078125,success,lp
2D-gauss-4c-32p,1024,1024,21.682586237905753,,0,0.0,seconds,0.214677095413208,0.15557265374809504,megabytes,552.0,552.0,0.0,0.0,0.19853312,0.19853312,0.48125,0.48125,success,lp
2D-gauss-4c-32p,1024,1024,25.336574231280466,,0,0.0,seconds,0.24952435493469238,0.23559448588639498,megabytes,552.0,552.0,0.0,0.0,0.19860275200000002,0.19860275200000002,0.75078125,0.75078125,success,lp
2D-gauss-4c-32p,1024,1024,28.082944141580583,,0,0.0,seconds,0.22327518463134766,0.14834028761833906,megabytes,552.0,552.0,0.0,0.0,0.198569984,0.198569984,0.44296875,0.44296875,success,lp
2D-gauss-4c-32p,1024,1024,37.89901059453051,,0,0.0,seconds,0.21879124641418457,0.1720560137182474,megabytes,552.0,552.0,0.0,0.0,0.19857408000000001,0.19857408000000001,0.534375,0.534375,success,lp
2D-gauss-4c-32p,1024,1024,58.12134233755371,,0,0.0,seconds,0.22385025024414062,0.22916081920266151,megabytes,552.0,552.0,0.0,0.0,0.19856179200000001,0.19856179200000001,0.73671875,0.73671875,success,lp
2D-gauss-4c-32p,1024,1024,67.56606307935814,,0,0.0,seconds,0.7453055381774902,0.7512455843389034,megabytes,552.0,552.0,0.0,0.0,0.20441088000000002,0.20441088000000002,0.7953125,0.7734375,success,lp
2D-gauss-1c-64p,4096,4096,23.496257250138928,,0,3.3257545021260196e-05,seconds,2.8626325130462646,2.7412125319242477,megabytes,672.0,672.0,1.0,0.09090909090909091,0.979636224,0.979636224,0.7953125,0.7398437499999999,success,lp
2D-gauss-1c-64p,4096,4096,169.67350469553617,,0,0.10492093565667711,seconds,2.2526845932006836,2.1221455922350287,megabytes,672.0,672.0,1.0,0.09090909090909091,0.9942753280000001,0.9942753280000001,0.78984375,0.7196022727272727,success,lp
2D-gauss-1c-64p,4096,4096,110.87261993478904,,0,0.001238225630440846,seconds,2.703726053237915,2.643753088079393,megabytes,672.0,672.0,1.0,0.08333333333333333,0.967077888,0.967077888,0.796875,0.7641276041666667,success,lp
2D-gauss-1c-64p,4096,4096,134.13045095844987,,0,0.004854339725676211,seconds,1.54649019241333,1.5297407824546099,megabytes,672.0,672.0,1.0,0.14285714285714285,0.9544376320000001,0.9544376320000001,0.82734375,0.7767857142857143,success,lp
2D-gauss-1c-64p,4096,4096,13.787087247731735,,0,6.505410793446603e-05,seconds,2.7996554374694824,2.690598454326391,megabytes,672.0,672.0,1.0,0.09090909090909091,0.981680128,0.981680128,0.803125,0.7387784090909091,success,lp
2D-gauss-1c-64p,4096,4096,127.06035109510499,,0,0.0020285035697204428,seconds,2.037135124206543,2.012679571285844,megabytes,672.0,672.0,1.0,0.1,0.9628221440000001,0.9628221440000001,0.79453125,0.7652343750000001,success,lp
2D-gauss-1c-64p,4096,4096,127.1513251403607,,0,6.201090074401093e-09,seconds,3.632331371307373,3.4974759854376316,megabytes,672.0,672.0,1.0,0.058823529411764705,0.9922314240000001,0.9922314240000001,0.8140625,0.7383272058823531,success,lp
2D-gauss-1c-64p,4096,4096,228.4710807392265,,0,0.00415619200171195,seconds,2.108098268508911,1.9616737617179751,megabytes,672.0,672.0,1.0,0.1,0.935530496,0.935530496,0.79453125,0.70390625,success,lp
2D-gauss-1c-64p,4096,4096,4.467234277944498,,0,0.10712431791058381,seconds,1.5737605094909668,1.546296681277454,megabytes,672.0,672.0,0.0,0.0,0.91398144,0.91398144,0.80546875,0.7493489583333334,success,lp
2D-gauss-1c-64p,4096,4096,92.34096307499566,,0,0.08929213932685645,seconds,2.2970590591430664,2.220829788595438,megabytes,672.0,672.0,1.0,0.1111111111111111,0.97122304,0.97122304,0.821875,0.7504340277777779,success,lp
2D-gauss-1c-64p,4096,4096,33.75939465451322,,0,0.00796023915312844,seconds,1.6348869800567627,1.5312825599685311,megabytes,672.0,672.0,1.0,0.125,0.866906112,0.866906112,0.78046875,0.717578125,success,lp
2D-gauss-1c-64p,4096,4096,13.24195188967008,,0,0.02203063516335867,seconds,2.2171072959899902,2.052833934314549,megabytes,672.0,672.0,1.0,0.1,0.9208832,0.9208832,0.7953125,0.69921875,success,lp
2D-gauss-1c-64p,4096,4096,64.27764706013998,,0,1.0922586276598976e-05,seconds,2.610354423522949,2.5037820022553205,megabytes,672.0,672.0,0.0,0.0,0.988004352,0.988004352,0.79609375,0.7303267045454546,success,lp
2D-gauss-1c-64p,4096,4096,74.17069439007459,,0,0.0006123676876908021,seconds,2.3042616844177246,2.127212394028902,megabytes,672.0,672.0,1.0,0.1,0.9418711040000001,0.9418711040000001,0.82265625,0.7090625,success,lp
2D-gauss-1c-64p,4096,4096,20.650922347627798,,0,0.0013440065665206327,seconds,2.677943706512451,2.6000681053847075,megabytes,672.0,672.0,1.0,0.07692307692307693,0.9796321280000001,0.9796321280000001,0.83671875,0.7481370192307693,success,lp
2D-gauss-1c-64p,4096,4096,91.61338461499473,,0,0.6135014299555774,seconds,1.6913528442382812,1.714537937194109,megabytes,672.0,672.0,1.0,0.14285714285714285,0.95021056,0.95021056,0.83046875,0.7860491071428571,success,lp
2D-gauss-1c-64p,4096,4096,121.19724814164762,,0,0.0019637292293341966,seconds,1.552968978881836,1.5583789935335517,megabytes,672.0,672.0,1.0,0.14285714285714285,0.934711296,0.934711296,0.81953125,0.7840401785714286,success,lp
2D-gauss-1c-64p,4096,4096,112.22029049221273,,0,0.002548333052361966,seconds,2.2994229793548584,2.1433936953544617,megabytes,672.0,672.0,1.0,0.09090909090909091,0.937701376,0.937701376,0.825,0.7201704545454546,success,lp
2D-gauss-1c-64p,4096,4096,302.2775357132113,,0,0.001781710984886475,seconds,1.6901140213012695,1.602227022871375,megabytes,672.0,672.0,1.0,0.125,0.8993587200000001,0.8993587200000001,0.83515625,0.740234375,success,lp
2D-gauss-1c-64p,4096,4096,45.48278148510033,,0,0.023746662767571328,seconds,1.5273778438568115,1.530735875479877,megabytes,672.0,672.0,1.0,0.14285714285714285,0.932610048,0.932610048,0.7890625,0.7681919642857142,success,lp
2D-gauss-1c-64p,4096,4096,266.8689528978672,,0,0.009442794810910543,seconds,1.5842080116271973,1.578096041455865,megabytes,672.0,672.0,1.0,0.14285714285714285,0.968450048,0.968450048,0.790625,0.77734375,success,lp
2D-gauss-1c-64p,4096,4096,56.2011662476944,,0,6.836911296418379e-05,seconds,2.0495553016662598,2.02607078012079,megabytes,672.0,672.0,1.0,0.125,0.9626296320000001,0.9626296320000001,0.80546875,0.7634765625,success,lp
2D-gauss-1c-64p,4096,4096,34.300728938928124,,0,0.0004474362714467662,seconds,2.645115852355957,2.5084902867674828,megabytes,672.0,672.0,1.0,0.1,0.990154752,0.990154752,0.8140625,0.718203125,success,lp
2D-gauss-1c-64p,4096,4096,182.89898973914865,,0,0.0002686391748192205,seconds,2.34285044670105,2.2194085447117686,megabytes,672.0,672.0,1.0,0.1111111111111111,0.988012544,0.988012544,0.8046875,0.7263888888888889,success,lp
2D-gauss-1c-64p,4096,4096,31.822958438603273,,0,5.932179122611129e-05,seconds,2.44771671295166,2.3313343692570925,megabytes,672.0,672.0,1.0,0.08333333333333333,0.99012608,0.99012608,0.8328125,0.7344401041666666,success,lp
2D-gauss-1c-64p,4096,4096,128.80577511149772,,0,2.63668996398777e-06,seconds,2.696242094039917,2.5748293632641435,megabytes,672.0,672.0,1.0,0.08333333333333333,0.9880084480000001,0.9880084480000001,0.79375,0.7429036458333332,success,lp
2D-gauss-1c-64p,4096,4096,7.077571144747512,,0,0.017914376794226014,seconds,1.6894421577453613,1.5229861792176962,megabytes,672.0,672.0,3.0,0.5,0.8857927680000001,0.8857927680000001,0.7875,0.6744140625,success,lp
2D-gauss-1c-64p,4096,4096,82.65454756473748,,0,0.0035399981693466265,seconds,2.2160258293151855,2.1122031826525927,megabytes,672.0,672.0,1.0,0.1,0.9817088,0.9817088,0.82578125,0.7408593750000001,success,lp
2D-gauss-1c-64p,4096,4096,179.1402761488549,,0,0.0006281258219432569,seconds,2.503779649734497,2.4251317903399467,megabytes,672.0,672.0,1.0,0.09090909090909091,0.9795952640000001,0.9795952640000001,0.790625,0.7382102272727273,success,lp
2D-gauss-2c-64p,4096,4096,158.78865511855204,,0,0.0001543488340690879,seconds,2.611515998840332,2.442160962149501,megabytes,672.0,672.0,1.0,0.08333333333333333,0.9417236480000001,0.9417236480000001,0.8265625,0.7165364583333332,success,lp
2D-gauss-2c-64p,4096,4096,57.70443689542128,,0,0.013517871588566092,seconds,2.328113555908203,2.220566937699914,megabytes,672.0,672.0,1.0,0.2,0.98363392,0.98363392,0.8265625,0.7324999999999999,success,lp
2D-gauss-2c-64p,4096,4096,40.12577702571606,,0,0.03145863736516145,seconds,2.4917232990264893,2.3789274459704757,megabytes,672.0,672.0,1.0,0.1,0.983646208,0.983646208,0.80546875,0.7309374999999999,success,lp
2D-gauss-2c-64p,4096,4096,100.1709613282131,,0,0.004553576863603137,seconds,2.2261226177215576,2.1272306190803647,megabytes,672.0,672.0,1.0,0.1,0.977391616,0.977391616,0.834375,0.7439062500000001,success,lp
2D-gauss-2c-64p,4096,4096,174.74124970212424,,0,0.02062597911540065,seconds,2.442601442337036,2.4343159832060337,megabytes,672.0,672.0,1.0,0.1,0.9584844800000001,0.9584844800000001,0.80703125,0.78265625,success,lp
2D-gauss-2c-64p,4096,4096,132.56316240776056,,0,0.040220031189213,seconds,2.174776315689087,2.07543935906142,megabytes,672.0,672.0,1.0,0.1111111111111111,0.979443712,0.979443712,0.7921875,0.7280381944444444,success,lp
2D-gauss-2c-64p,4096,4096,84.37039935771067,,0,0.01305879153639726,seconds,2.608384370803833,2.4883268363773823,megabytes,672.0,672.0,1.0,0.1,0.985776128,0.985776128,0.8140625,0.7312500000000001,success,lp
2D-gauss-2c-64p,4096,4096,25.465498759725083,,0,0.11699073803265887,seconds,2.306623935699463,2.1564373783767223,megabytes,672.0,672.0,1.0,0.1,0.994238464,0.994238464,0.803125,0.71109375,success,lp
2D-gauss-2c-64p,4096,4096,81.06957144692174,,0,0.03824467370267589,seconds,2.5768795013427734,2.576236586086452,megabytes,672.0,672.0,1.0,0.1,0.950145024,0.950145024,0.79140625,0.7752343749999999,success,lp
2D-gauss-2c-64p,4096,4096,119.95533881246277,,0,0.035591903908870015,seconds,2.261106014251709,2.087743954733014,megabytes,672.0,672.0,3.0,0.4,0.9375211520000001,0.9375211520000001,0.80625,0.69859375,success,lp
2D-gauss-2c-64p,4096,4096,46.43560474103682,,0,2.2516888417662448e-05,seconds,2.690873861312866,2.5686322236433625,megabytes,672.0,672.0,1.0,0.07692307692307693,0.9920512,0.9920512,0.8234375,0.7354567307692308,success,lp
2D-gauss-2c-64p,4096,4096,161.36974150563628,,0,0.002927749640490111,seconds,1.890073299407959,1.9065064853057265,megabytes,672.0,672.0,1.0,0.1111111111111111,0.952205312,0.952205312,0.7921875,0.7730902777777778,success,lp
2D-gauss-2c-64p,4096,4096,94.84806821239317,,0,0.03382678442608151,seconds,2.5369515419006348,2.533058673143387,megabytes,672.0,672.0,1.0,0.1,0.9543680000000001,0.9543680000000001,0.79375,0.773671875,success,lp
2D-gauss-2c-64p,4096,4096,26.168989921615708,,0,0.0008819603562256724,seconds,2.439255952835083,2.370149406604469,megabytes,672.0,672.0,1.0,0.1,0.973197312,0.973197312,0.821875,0.751328125,success,lp
2D-gauss-2c-64p,4096,4096,8.10615439141082,,0,0.0,seconds,4.228278875350952,4.117686787620187,megabytes,672.0,672.0,1.0,0.05,0.981610496,0.981610496,0.81171875,0.7573828125000001,success,lp
2D-gauss-2c-64p,4096,4096,54.05196634602952,,0,0.02302874002257453,seconds,2.285003423690796,2.1606403281912208,megabytes,672.0,672.0,1.0,0.1111111111111111,0.9878732800000001,0.9878732800000001,0.79921875,0.7288194444444444,success,lp
2D-gauss-2c-64p,4096,4096,53.06611835849437,,0,0.0020964094125108645,seconds,3.057115316390991,2.9104890935122967,megabytes,672.0,672.0,0.0,0.0,0.992100352,0.992100352,0.79921875,0.7314453124999999,success,lp
2D-gauss-2c-64p,4096,4096,46.46968806048613,,0,0.0048421511701455455,seconds,2.3033599853515625,2.2650212608277798,megabytes,672.0,672.0,1.0,0.1,0.960651264,0.960651264,0.80078125,0.758984375,success,lp
2D-gauss-2c-64p,4096,4096,33.58068472481421,,0,6.224707615911088e-05,seconds,2.7370660305023193,2.6746692955493927,megabytes,672.0,672.0,1.0,0.1,0.9710796800000001,0.9710796800000001,0.7921875,0.753671875,success,lp
2D-gauss-2c-64p,4096,4096,78.20059422607437,,0,0.005736120210739478,seconds,2.2716915607452393,2.1765590980648994,megabytes,672.0,672.0,1.0,0.2,0.979513344,0.979513344,0.79140625,0.740859375,success,lp
2D-gauss-2c-64p,4096,4096,51.321593798259286,,0,0.016129421569052435,seconds,2.641741991043091,2.5151933822780848,megabytes,672.0,672.0,1.0,0.1,0.9879306240000001,0.9879306240000001,0.82109375,0.7374999999999999,success,lp
2D-gauss-2c-64p,4096,4096,46.465092894763934,,0,0.019228171706075287,seconds,2.1235897541046143,1.991933454759419,megabytes,672.0,672.0,1.0,0.1,0.9941770240000001,0.9941770240000001,0.78984375,0.7209375,success,lp
2D-gauss-2c-64p,4096,4096,53.95553829085025,,0,0.004675167156025059,seconds,2.2655210494995117,2.285155420191586,megabytes,672.0,672.0,1.0,0.09090909090909091,0.950140928,0.950140928,0.81171875,0.7840198863636364,success,lp
2D-gauss-2c-64p,4096,4096,13.986377095838609,,0,0.009082743076294801,seconds,2.240339756011963,2.218825583346188,megabytes,672.0,672.0,1.0,0.1111111111111111,0.9563832320000001,0.9563832320000001,0.80078125,0.7627604166666667,success,lp
2D-gauss-2c-64p,4096,4096,60.70125000533751,,0,0.6015361216148444,seconds,2.6451001167297363,2.5396769111976027,megabytes,672.0,672.0,1.0,0.1,0.979529728,0.979529728,0.7875,0.735625,success,lp
2D-gauss-2c-64p,4096,4096,49.81232987039983,,0,0.06267378667541662,seconds,2.3051857948303223,2.1238455763086677,megabytes,672.0,672.0,1.0,0.1,0.94593024,0.94593024,0.80859375,0.69875,success,lp
2D-gauss-2c-64p,4096,4096,49.1307702302102,,0,0.01841246635669732,seconds,2.6955294609069824,2.583204720169306,megabytes,672.0,672.0,1.0,0.09090909090909091,0.979451904,0.979451904,0.8140625,0.7397727272727274,success,lp
2D-gauss-2c-64p,4096,4096,25.013456028865683,,0,0.0012769391081472541,seconds,2.263049602508545,2.0982987517490983,megabytes,672.0,672.0,1.0,0.09090909090909091,0.9417154560000001,0.9417154560000001,0.828125,0.7229403409090909,success,lp
2D-gauss-2c-64p,4096,4096,22.113166894478862,,0,0.005614190248556027,seconds,2.4534828662872314,2.304276242852211,megabytes,672.0,672.0,1.0,0.09090909090909091,0.9964052480000001,0.9964052480000001,0.83359375,0.7227982954545454,success,lp
2D-gauss-4c-64p,4096,4096,29.324398353350833,,0,0.03985652527126656,seconds,2.5727434158325195,2.5731373308226466,megabytes,672.0,672.0,1.0,0.1,0.952020992,0.952020992,0.80546875,0.779140625,success,lp
2D-gauss-4c-64p,4096,4096,54.40976115581185,,0,0.025498497736804043,seconds,2.2964231967926025,2.2079507363960147,megabytes,672.0,672.0,1.0,0.1,0.9771786240000001,0.9771786240000001,0.8046875,0.7454687499999999,success,lp
2D-gauss-4c-64p,4096,4096,55.224526837900875,,0,0.11036220356893714,seconds,2.548318386077881,2.56208738964051,megabytes,672.0,672.0,1.0,0.1,0.94574592,0.94574592,0.81015625,0.785390625,success,lp
2D-gauss-4c-64p,4096,4096,16.65197118458555,,0,0.04599896760418974,seconds,2.113264560699463,2.0732116596773267,megabytes,672.0,672.0,1.0,0.2,0.9688145920000001,0.9688145920000001,0.78984375,0.76390625,success,lp
2D-gauss-4c-64p,4096,4096,114.85903187512544,,0,0.024019837035397746,seconds,2.528367519378662,2.5180341880768538,megabytes,672.0,672.0,1.0,0.09090909090909091,0.9520250880000001,0.9520250880000001,0.82890625,0.7801136363636364,success,lp
2D-gauss-4c-64p,4096,4096,82.89072928718883,,0,0.0132762498883291,seconds,2.2499916553497314,2.2770433044061065,megabytes,672.0,672.0,1.0,0.1111111111111111,0.943665152,0.943665152,0.8140625,0.7777777777777779,success,lp
2D-gauss-4c-64p,4096,4096,19.294782943324503,,0,0.004124607960585574,seconds,2.6195406913757324,2.494537624530494,megabytes,672.0,672.0,3.0,0.3076923076923077,0.989888512,0.989888512,0.79453125,0.7361778846153846,success,lp
2D-gauss-4c-64p,4096,4096,31.784993534796868,,0,0.0346400635672554,seconds,2.0639634132385254,1.9905633367598057,megabytes,672.0,672.0,1.0,0.1,0.9793331200000001,0.9793331200000001,0.83828125,0.7528125,success,lp
2D-gauss-4c-64p,4096,4096,51.18539338114499,,0,0.050153174625521685,seconds,2.629297971725464,2.572153190150857,megabytes,672.0,672.0,1.0,0.09090909090909091,0.9688227840000001,0.9688227840000001,0.8296875,0.7576704545454546,success,lp
2D-gauss-4c-64p,4096,4096,81.73908848285608,,0,0.04087369138891161,seconds,2.18373703956604,2.0028903568163514,megabytes,672.0,672.0,1.0,0.1,0.93947904,0.93947904,0.82578125,0.70578125,success,lp
2D-gauss-4c-64p,4096,4096,52.768953034249876,,0,0.08076902044500753,seconds,2.6237881183624268,2.5172415571287274,megabytes,672.0,672.0,1.0,0.09090909090909091,0.9793576960000001,0.9793576960000001,0.80234375,0.7441761363636363,success,lp
2D-gauss-4c-64p,4096,4096,57.23845471392732,,0,0.00848089826177922,seconds,2.0694501399993896,2.006950881332159,megabytes,672.0,672.0,1.0,0.1,0.975142912,0.975142912,0.8328125,0.745859375,success,lp
2D-gauss-4c-64p,4096,4096,32.666882132803046,,0,0.038370571938821076,seconds,2.4754700660705566,2.3753820154815912,megabytes,672.0,672.0,1.0,0.08333333333333333,0.985649152,0.985649152,0.79609375,0.7369791666666669,success,lp
2D-gauss-4c-64p,4096,4096,35.83939344305551,,0,0.0470519745789385,seconds,1.9428625106811523,1.9508200390264392,megabytes,672.0,672.0,0.0,0.0,0.9538150400000001,0.9538150400000001,0.81953125,0.7886718749999999,success,lp
2D-gauss-4c-64p,4096,4096,26.13234416397196,,0,0.08121054654300737,seconds,2.472115993499756,2.3257503723725677,megabytes,672.0,672.0,0.0,0.0,0.8616632320000001,0.8616632320000001,0.7875,0.6916015624999999,success,lp
2D-gauss-4c-64p,4096,4096,50.21628067232208,,0,0.005759688863576227,seconds,2.223393201828003,2.0547563433647156,megabytes,672.0,672.0,1.0,0.14285714285714285,0.9434234880000001,0.9434234880000001,0.81328125,0.6590401785714287,success,lp
2D-gauss-4c-64p,4096,4096,28.311949403381583,,0,0.007229197436324243,seconds,2.7666852474212646,2.622883996926248,megabytes,672.0,672.0,1.0,0.1,0.996204544,0.996204544,0.81640625,0.7213281250000001,success,lp
2D-gauss-4c-64p,4096,4096,24.370121942160814,,0,0.13190136047797613,seconds,2.342562198638916,2.187895441427827,megabytes,672.0,672.0,1.0,0.1111111111111111,0.935297024,0.935297024,0.79921875,0.6972222222222224,success,lp
2D-gauss-4c-64p,4096,4096,63.8300650691974,,0,0.01681837062521471,seconds,2.682680130004883,2.561948268674314,megabytes,672.0,672.0,0.0,0.0,0.9877954560000001,0.9877954560000001,0.8046875,0.73203125,success,lp
2D-gauss-4c-64p,4096,4096,43.192721318256964,,0,0.12361618225236862,seconds,1.9004793167114258,1.9715627171099186,megabytes,672.0,672.0,0.0,0.0,0.9119334400000001,0.9119334400000001,0.81640625,0.779296875,success,lp
2D-gauss-4c-64p,4096,4096,66.14650140269457,,0,0.0044047429644290224,seconds,2.6455636024475098,2.5739373518154025,megabytes,672.0,672.0,1.0,0.1111111111111111,0.9730744320000001,0.9730744320000001,0.828125,0.7440104166666668,success,lp
2D-gauss-4c-64p,4096,4096,37.56130330829172,,0,0.04109773597279721,seconds,2.4193358421325684,2.2787002194672823,megabytes,672.0,672.0,0.0,0.0,0.994103296,0.994103296,0.8140625,0.7171006944444445,success,lp
2D-gauss-4c-64p,4096,4096,34.024541845498774,,0,0.03278642963955839,seconds,2.8197619915008545,2.665661889128387,megabytes,672.0,672.0,1.0,0.08333333333333333,0.929071104,0.929071104,0.81484375,0.7352864583333333,success,lp
2D-gauss-4c-64p,4096,4096,21.591492908589927,,0,0.01470462300611812,seconds,2.391172170639038,2.291667246259749,megabytes,672.0,672.0,1.0,0.1111111111111111,0.9772482560000001,0.9772482560000001,0.8140625,0.7449652777777779,success,lp
2D-gauss-4c-64p,4096,4096,25.01780761837687,,0,0.0013047804132485172,seconds,2.5483317375183105,2.413638566620648,megabytes,672.0,672.0,0.0,0.0,0.991961088,0.991961088,0.81796875,0.7337357954545454,success,lp
2D-gauss-4c-64p,4096,4096,27.44840428934455,,0,0.011254588944029155,seconds,2.547241449356079,2.4387726737186313,megabytes,672.0,672.0,1.0,0.1,0.983588864,0.983588864,0.79609375,0.7328125,success,lp
2D-gauss-4c-64p,4096,4096,37.648227189356575,,0,0.022281654717576822,seconds,2.7690234184265137,2.6523398477584124,megabytes,672.0,672.0,1.0,0.1,0.9836134400000001,0.9836134400000001,0.8265625,0.7407812500000001,success,lp
2D-gauss-4c-64p,4096,4096,64.14214111806531,,0,0.009038993681406916,seconds,2.1091318130493164,2.104225665330887,megabytes,672.0,672.0,0.0,0.0,0.9521111040000001,0.9521111040000001,0.784375,0.7700520833333333,success,lp
2D-gauss-4c-64p,4096,4096,68.3521935686935,,0,0.032430851798224795,seconds,2.5161993503570557,2.482861815020442,megabytes,672.0,672.0,1.0,0.1111111111111111,0.9499648,0.9499648,0.79921875,0.7635416666666666,success,lp
2D-gauss-1c-96p,9216,9216,23.75303328006545,,0,0.011667558964638964,seconds,8.007603883743286,8.02053930517286,megabytes,1192.0,1192.0,6.0,0.1875,4.8543744,4.8543744,0.8375,0.773291015625,success,lp
2D-gauss-1c-96p,9216,9216,129.6841660881973,,0,0.3143926476503155,seconds,8.335582494735718,8.215103939175606,megabytes,1192.0,1192.0,0.0,0.0,4.8337182720000005,4.8337182720000005,0.815625,0.7646381578947368,success,lp
2D-gauss-1c-96p,9216,9216,113.42453562439887,,0,0.02644413131286393,seconds,9.147001504898071,8.990092944353819,megabytes,1192.0,1192.0,6.0,0.17647058823529413,4.8296837120000005,4.8296837120000005,0.80625,0.7608685661764705,success,lp
2D-gauss-1c-96p,9216,9216,74.62051059003613,,0,0.4402824019680048,seconds,7.688396215438843,7.669980977661908,megabytes,1192.0,1192.0,4.0,0.23333333333333334,4.785328128000001,4.785328128000001,0.815625,0.7791927083333332,success,lp
2D-gauss-1c-96p,9216,9216,15.082587430597323,,0,0.09519657259913698,seconds,9.640944242477417,9.561826789751649,megabytes,1192.0,1192.0,4.0,0.16666666666666666,4.844433408,4.844433408,0.82890625,0.7732142857142856,success,lp
2D-gauss-1c-96p,9216,9216,120.22614853310701,,0,0.050652821481653565,seconds,8.80769681930542,8.755385961383581,megabytes,1192.0,1192.0,6.0,0.17647058823529413,4.814434304000001,4.814434304000001,0.80546875,0.7736213235294117,success,lp
2D-gauss-1c-96p,9216,9216,127.41110199828876,,0,0.002768472620476929,seconds,8.285757541656494,8.313581184484065,megabytes,1192.0,1192.0,1.0,0.02857142857142857,4.850176,4.850176,0.8453125,0.7800669642857144,success,lp
2D-gauss-1c-96p,9216,9216,198.31191330300956,,0,0.13202697648203288,seconds,7.772744655609131,7.739262063987553,megabytes,1192.0,1192.0,6.0,0.17142857142857143,4.85838848,4.85838848,0.81640625,0.7741517857142857,success,lp
2D-gauss-1c-96p,9216,9216,4.927718790124191,,0,0.23475150423465274,seconds,6.418992757797241,6.427666700445116,megabytes,1192.0,1192.0,4.0,0.2692307692307692,4.485083136,4.485083136,0.81328125,0.778155048076923,success,lp
2D-gauss-1c-96p,9216,9216,80.17097464766667,,0,0.2075159326167588,seconds,8.177546262741089,8.151022648438811,megabytes,1192.0,1192.0,5.0,0.16666666666666666,4.858413056000001,4.858413056000001,0.821875,0.7801215277777778,success,lp
2D-gauss-1c-96p,9216,9216,34.11198717156079,,0,0.022437742055341412,seconds,5.957519054412842,5.9012079844251275,megabytes,1192.0,1192.0,6.0,0.2222222222222222,4.595757056,4.595757056,0.834375,0.7721932870370369,success,lp
2D-gauss-1c-96p,9216,9216,15.392461613435517,,0,0.19005696514579212,seconds,8.609729290008545,8.424376926384866,megabytes,1192.0,1192.0,6.0,0.16216216216216217,4.847955968,4.847955968,0.8171875,0.7615287162162162,success,lp
2D-gauss-1c-96p,9216,9216,63.97469930165555,,0,0.004388552779171832,seconds,7.8007025718688965,7.664338321425021,megabytes,1192.0,1192.0,4.0,0.16666666666666666,4.829220864000001,4.829220864000001,0.825,0.7646484374999999,success,lp
2D-gauss-1c-96p,9216,9216,64.14056862856577,,0,0.12972527721424496,seconds,8.422235250473022,8.256736220791936,megabytes,1192.0,1192.0,5.0,0.17142857142857143,4.839456768000001,4.839456768000001,0.81484375,0.7537946428571427,success,lp
2D-gauss-1c-96p,9216,9216,20.602181081299793,,0,0.002234520237750751,seconds,9.123135566711426,8.996425970457494,megabytes,1192.0,1192.0,4.0,0.2,4.836278272,4.836278272,0.81328125,0.7623660714285714,success,lp
2D-gauss-1c-96p,9216,9216,1.3443852364209168,,0,0.9943121503314276,seconds,6.800697088241577,6.6864023366943,megabytes,1192.0,1192.0,6.0,0.2,4.856238080000001,4.856238080000001,0.82265625,0.7627343750000001,success,lp
2D-gauss-1c-96p,9216,9216,121.78360642093368,,0,0.006886302547114128,seconds,6.843077659606934,6.689550206065178,megabytes,1192.0,1192.0,6.0,0.20689655172413793,4.773105664,4.773105664,0.821875,0.7635506465517239,success,lp
2D-gauss-1c-96p,9216,9216,97.46194627497675,,0,0.1321537830214225,seconds,9.513371229171753,9.452728695236146,megabytes,1192.0,1192.0,4.0,0.11428571428571428,4.806721536,4.806721536,0.828125,0.7729017857142857,success,lp
2D-gauss-1c-96p,9216,9216,6.030263902640192,,0,0.9799399568703351,seconds,7.339116096496582,7.257960917428136,megabytes,1192.0,1192.0,6.0,0.2,4.770050048,4.770050048,0.8203125,0.7723177083333332,success,lp
2D-gauss-1c-96p,9216,9216,15.964287595002567,,0,0.6404875385889264,seconds,6.530155420303345,6.445590767078102,megabytes,1192.0,1192.0,6.0,0.21428571428571427,4.755963904000001,4.755963904000001,0.8109375,0.7624441964285714,success,lp
2D-gauss-1c-96p,9216,9216,14.67996283267222,,0,0.9442794199179831,seconds,7.115163803100586,7.122401995584369,megabytes,1192.0,1192.0,0.0,0.0,4.8008642560000006,4.8008642560000006,0.82265625,0.779966517857143,success,lp
2D-gauss-1c-96p,9216,9216,55.71005467962281,,0,0.006414950458828318,seconds,8.18507695198059,8.135621418245137,megabytes,1192.0,1192.0,6.0,0.18181818181818182,4.8613007360000005,4.8613007360000005,0.81640625,0.778219696969697,success,lp
2D-gauss-1c-96p,9216,9216,35.14024874997865,,0,0.024617955029752323,seconds,8.102750062942505,8.06823165807873,megabytes,1192.0,1192.0,4.0,0.17142857142857143,4.859322368,4.859322368,0.81328125,0.7783482142857144,success,lp
2D-gauss-1c-96p,9216,9216,178.97937894232132,,0,0.01880740975050583,seconds,8.927876234054565,8.816647471860051,megabytes,1192.0,1192.0,5.0,0.18181818181818182,4.813062144,4.813062144,0.8296875,0.7711174242424242,success,lp
2D-gauss-1c-96p,9216,9216,33.92318675125884,,0,0.06657060847761763,seconds,9.284167766571045,9.124514403752983,megabytes,1192.0,1192.0,6.0,0.17142857142857143,4.836298752,4.836298752,0.8234375,0.760625,success,lp
2D-gauss-1c-96p,9216,9216,130.05364373407417,,0,0.00977005155783077,seconds,8.311538934707642,8.271540800109506,megabytes,1192.0,1192.0,5.0,0.17647058823529413,4.861251584000001,4.861251584000001,0.8046875,0.7721966911764707,success,lp
2D-gauss-1c-96p,9216,9216,7.517697302761365,,0,0.09602659740707872,seconds,6.7478556632995605,6.675054491497576,megabytes,1192.0,1192.0,6.0,0.21428571428571427,4.616957952,4.616957952,0.81796875,0.7681919642857142,success,lp
2D-gauss-1c-96p,9216,9216,83.6695576738248,,0,0.019985938465374425,seconds,8.917871952056885,8.812850738875568,megabytes,1192.0,1192.0,0.0,0.0,4.818579456,4.818579456,0.8125,0.7661695075757575,success,lp
2D-gauss-1c-96p,9216,9216,178.5214104381827,,0,1.2606868366540544e-06,seconds,8.775996923446655,8.649996467866004,megabytes,1192.0,1192.0,6.0,0.17142857142857143,4.816535552,4.816535552,0.81640625,0.7697098214285716,success,lp
2D-gauss-2c-96p,9216,9216,155.55480355046242,,0,0.01985961887268266,seconds,8.10512113571167,8.079032710753381,megabytes,1192.0,1192.0,4.0,0.16666666666666666,4.860510208,4.860510208,0.81328125,0.7734592013888888,success,lp
2D-gauss-2c-96p,9216,9216,58.439126633149904,,0,0.037404869256091364,seconds,8.675415992736816,8.548370632342994,megabytes,1192.0,1192.0,4.0,0.17142857142857143,4.831092736,4.831092736,0.8109375,0.7621651785714288,success,lp
2D-gauss-2c-96p,9216,9216,37.75516669936964,,0,0.0269399863944129,seconds,8.23755145072937,8.162623031064868,megabytes,1192.0,1192.0,6.0,0.17142857142857143,4.808126464,4.808126464,0.84296875,0.7675669642857144,success,lp
2D-gauss-2c-96p,9216,9216,100.78414440246998,,0,0.011799074036753926,seconds,8.872817993164062,8.858359676785767,megabytes,1192.0,1192.0,2.0,0.058823529411764705,4.856209408000001,4.856209408000001,0.81640625,0.7768152573529413,success,lp
2D-gauss-2c-96p,9216,9216,160.9451319516449,,0,0.09515678710068233,seconds,7.868143558502197,7.739454625174403,megabytes,1192.0,1192.0,4.0,0.16216216216216217,4.835381248,4.835381248,0.81875,0.7627322635135134,success,lp
2D-gauss-2c-96p,9216,9216,140.56648243923183,,0,0.109181731996533,seconds,8.237604141235352,8.25136651005596,megabytes,1192.0,1192.0,6.0,0.17142857142857143,4.847910912000001,4.847910912000001,0.81796875,0.7795982142857142,success,lp
2D-gauss-2c-96p,9216,9216,89.41985767202677,,0,0.07696490741513942,seconds,7.786497592926025,7.602218574844301,megabytes,1192.0,1192.0,6.0,0.17142857142857143,4.841709568000001,4.841709568000001,0.81796875,0.7599107142857144,success,lp
2D-gauss-2c-96p,9216,9216,31.14401144789682,,0,0.36893692476095247,seconds,8.601338148117065,8.456482591107488,megabytes,1192.0,1192.0,5.0,0.2,4.822708224,4.822708224,0.81328125,0.7691517857142857,success,lp
2D-gauss-2c-96p,9216,9216,74.95342375652234,,0,0.10965851230806548,seconds,9.116777658462524,8.995026632212102,megabytes,1192.0,1192.0,6.0,0.17647058823529413,4.818591744,4.818591744,0.8046875,0.7651654411764703,success,lp
2D-gauss-2c-96p,9216,9216,100.40435999361604,,0,0.19008767117696207,seconds,8.41189694404602,8.287345490418375,megabytes,1192.0,1192.0,4.0,0.2,4.810121216000001,4.810121216000001,0.81171875,0.7657589285714286,success,lp
2D-gauss-2c-96p,9216,9216,46.96069900408231,,0,0.015403911014703718,seconds,8.367530107498169,8.333399696275592,megabytes,1192.0,1192.0,2.0,0.058823529411764705,4.858458112,4.858458112,0.81171875,0.772748161764706,success,lp
2D-gauss-2c-96p,9216,9216,153.61353398118618,,0,0.04225490761755646,seconds,7.883078336715698,7.850861083716154,megabytes,1192.0,1192.0,4.0,0.11764705882352941,4.86047744,4.86047744,0.81640625,0.777872242647059,success,lp
2D-gauss-2c-96p,9216,9216,97.47269491365199,,0,0.06759589776534487,seconds,8.991310596466064,8.842283606529236,megabytes,1192.0,1192.0,6.0,0.17142857142857143,4.82906112,4.82906112,0.81484375,0.7658705357142856,success,lp
2D-gauss-2c-96p,9216,9216,27.04307462395216,,0,0.04101201987375028,seconds,9.20020842552185,9.087789147160947,megabytes,1192.0,1192.0,2.0,0.058823529411764705,4.816420864,4.816420864,0.81328125,0.7694393382352943,success,lp
2D-gauss-2c-96p,9216,9216,8.670149936236433,,0,0.0750613224498632,seconds,8.936850786209106,8.77528559230268,megabytes,1192.0,1192.0,6.0,0.16666666666666666,4.8333250560000005,4.8333250560000005,0.809375,0.7662326388888887,success,lp
2D-gauss-2c-96p,9216,9216,47.07681897188078,,0,0.11784338970344958,seconds,8.097626447677612,7.9490599585697055,megabytes,1192.0,1192.0,4.0,0.16666666666666666,4.831129600000001,4.831129600000001,0.825,0.7626953124999999,success,lp
2D-gauss-2c-96p,9216,9216,54.482994505096826,,0,0.03251800041793287,seconds,7.866840362548828,7.808418484404683,megabytes,1192.0,1192.0,4.0,0.17647058823529413,4.818542592,4.818542592,0.82890625,0.7713235294117649,success,lp
2D-gauss-2c-96p,9216,9216,46.95836020806524,,0,0.016957183687404422,seconds,8.96775507926941,8.827561813406646,megabytes,1192.0,1192.0,1.0,0.03125,4.822695936000001,4.822695936000001,0.80546875,0.759033203125,success,lp
2D-gauss-2c-96p,9216,9216,35.051135896434396,,0,0.044745766195642224,seconds,8.258603572845459,8.221302385441959,megabytes,1192.0,1192.0,5.0,0.16216216216216217,4.8647413760000005,4.8647413760000005,0.828125,0.77578125,success,lp
2D-gauss-2c-96p,9216,9216,88.15349239171958,,0,0.13545900136826688,seconds,8.839933633804321,8.828930104151368,megabytes,1192.0,1192.0,6.0,0.17647058823529413,4.8519946240000005,4.8519946240000005,0.834375,0.7719898897058823,success,lp
2D-gauss-2c-96p,9216,9216,48.477526015576196,,0,0.03894463818477149,seconds,8.61360764503479,8.438750785775483,megabytes,1192.0,1192.0,5.0,0.1388888888888889,4.8479313920000005,4.8479313920000005,0.821875,0.7610677083333335,success,lp
2D-gauss-2c-96p,9216,9216,46.97854789567916,,0,0.033604189882953224,seconds,8.514001846313477,8.342170383781195,megabytes,1192.0,1192.0,4.0,0.17142857142857143,4.835209216,4.835209216,0.81015625,0.7551116071428573,success,lp
2D-gauss-2c-96p,9216,9216,51.33049198533445,,0,0.05138007772867039,seconds,8.251229286193848,8.073817350901663,megabytes,1192.0,1192.0,5.0,0.16666666666666666,4.839485440000001,4.839485440000001,0.8125,0.7634548611111112,success,lp
2D-gauss-2c-96p,9216,9216,13.998350374991762,,0,0.007455415420559164,seconds,8.628390312194824,8.450834576040506,megabytes,1192.0,1192.0,6.0,0.17142857142857143,4.845699072,4.845699072,0.825,0.7574999999999998,success,lp
2D-gauss-2c-96p,9216,9216,31.293915140838564,,0,0.7936960447474648,seconds,8.89328384399414,8.843929654918611,megabytes,1192.0,1192.0,2.0,0.058823529411764705,4.862562304,4.862562304,0.8125,0.7713005514705882,success,lp
2D-gauss-2c-96p,9216,9216,37.49790702180918,,0,0.2896335849838398,seconds,9.166197299957275,9.03886307682842,megabytes,1192.0,1192.0,6.0,0.18181818181818182,4.837298176,4.837298176,0.81328125,0.7599195075757574,success,lp
2D-gauss-2c-96p,9216,9216,54.345874174921605,,0,0.13174062900498276,seconds,7.964235782623291,7.956415565684438,megabytes,1192.0,1192.0,4.0,0.17142857142857143,4.849983488,4.849983488,0.8453125,0.7771651785714286,success,lp
2D-gauss-2c-96p,9216,9216,26.137502361442962,,0,0.05485044929584659,seconds,8.21853756904602,8.011496505700052,megabytes,1192.0,1192.0,6.0,0.17142857142857143,4.854075392,4.854075392,0.82265625,0.7558258928571426,success,lp
2D-gauss-2c-96p,9216,9216,22.06856114322049,,0,0.014057379389252141,seconds,7.706316709518433,7.5773427579551935,megabytes,1192.0,1192.0,5.0,0.16666666666666666,4.8184893440000005,4.8184893440000005,0.84765625,0.7659505208333335,success,lp
2D-gauss-4c-96p,9216,9216,27.90529093666592,,0,0.011280828760115803,seconds,9.269699811935425,9.15499677695334,megabytes,1192.0,1192.0,5.0,0.17142857142857143,4.824813568000001,4.824813568000001,0.83125,0.7688169642857143,success,lp
2D-gauss-4c-96p,9216,9216,59.750811068594196,,0,0.128457135730568,seconds,8.487410068511963,8.418657198548317,megabytes,1192.0,1192.0,6.0,0.1935483870967742,4.84990976,4.84990976,0.81796875,0.7758064516129033,success,lp
2D-gauss-4c-96p,9216,9216,45.256265665094325,,0,0.08708513286143381,seconds,8.25920557975769,8.136003681458533,megabytes,1192.0,1192.0,6.0,0.16666666666666666,4.818501632,4.818501632,0.840625,0.7675998263888887,success,lp
2D-gauss-4c-96p,9216,9216,14.542018047072157,,0,0.08336067152534007,seconds,8.390613079071045,8.2101279059425,megabytes,1192.0,1192.0,6.0,0.17142857142857143,4.839378944,4.839378944,0.81015625,0.7592633928571431,success,lp
2D-gauss-4c-96p,9216,9216,94.73758405729531,,0,0.15100656008042324,seconds,8.056050062179565,7.974141219630837,megabytes,1192.0,1192.0,6.0,0.15789473684210525,4.824784896000001,4.824784896000001,0.81171875,0.7699013157894735,success,lp
2D-gauss-4c-96p,9216,9216,82.65558094444084,,0,0.011334588408212831,seconds,8.696804523468018,8.58578007761389,megabytes,1192.0,1192.0,5.0,0.17142857142857143,4.814143488,4.814143488,0.82109375,0.7655580357142858,success,lp
2D-gauss-4c-96p,9216,9216,22.389601621736634,,0,0.1746584091269482,seconds,9.289310216903687,9.216101272962987,megabytes,1192.0,1192.0,1.0,0.03125,4.847849472,4.847849472,0.81484375,0.7727294921874998,success,lp
2D-gauss-4c-96p,9216,9216,30.343301050634075,,0,0.0022800672404406012,seconds,7.995907306671143,7.975415280088782,megabytes,1192.0,1192.0,5.0,0.16666666666666666,4.860297216,4.860297216,0.83671875,0.779904513888889,success,lp
2D-gauss-4c-96p,9216,9216,51.83159882347644,,0,0.07128698426303617,seconds,8.800350427627563,8.636615626513958,megabytes,1192.0,1192.0,5.0,0.16666666666666666,4.837412864,4.837412864,0.81484375,0.7636067708333333,success,lp
2D-gauss-4c-96p,9216,9216,74.9741331782392,,0,0.1141919641895134,seconds,9.273801326751709,9.107706039212644,megabytes,1192.0,1192.0,2.0,0.05714285714285714,4.837203968000001,4.837203968000001,0.8078125,0.7609151785714287,success,lp
2D-gauss-4c-96p,9216,9216,54.23837489194849,,0,0.11230432539385583,seconds,9.332396030426025,9.225069345906377,megabytes,1192.0,1192.0,4.0,0.17142857142857143,4.81849344,4.81849344,0.83359375,0.7722544642857142,success,lp
2D-gauss-4c-96p,9216,9216,53.54100046892375,,0,0.052161956908495635,seconds,9.154903411865234,9.104001960717142,megabytes,1192.0,1192.0,5.0,0.17647058823529413,4.8623452160000005,4.8623452160000005,0.8109375,0.7711626838235295,success,lp
2D-gauss-4c-96p,9216,9216,39.05325671910103,,0,0.2427068505755067,seconds,9.34762167930603,9.162891555577517,megabytes,1192.0,1192.0,4.0,0.2,4.839473152,4.839473152,0.8375,0.7583258928571427,success,lp
2D-gauss-4c-96p,9216,9216,33.856872491752,,0,0.007944551024056607,seconds,9.172324657440186,8.983059573918581,megabytes,1192.0,1192.0,5.0,0.17142857142857143,4.828770304000001,4.828770304000001,0.825,0.7534375000000001,success,lp
2D-gauss-4c-96p,9216,9216,27.210521450096966,,0,0.12868738239361882,seconds,8.58894157409668,8.48762721568346,megabytes,1192.0,1192.0,4.0,0.17647058823529413,4.812193792,4.812193792,0.8171875,0.7661764705882353,success,lp
2D-gauss-4c-96p,9216,9216,46.463037658233844,,0,0.07772700847889195,seconds,8.167250156402588,8.0119543466717,megabytes,1192.0,1192.0,6.0,0.16216216216216217,4.8267223040000005,4.8267223040000005,0.8390625,0.7703969594594595,success,lp
2D-gauss-4c-96p,9216,9216,30.708566273180775,,0,0.09673665250877898,seconds,8.134540319442749,8.01361618656665,megabytes,1192.0,1192.0,5.0,0.17142857142857143,4.820631552,4.820631552,0.809375,0.7653348214285715,success,lp
2D-gauss-4c-96p,9216,9216,26.231713570642235,,0,0.2185227716822293,seconds,8.408156156539917,8.31387133616954,megabytes,1192.0,1192.0,5.0,0.17142857142857143,4.814168064,4.814168064,0.82109375,0.7651116071428571,success,lp
2D-gauss-4c-96p,9216,9216,58.71176399335067,,0,0.09143078314199928,seconds,8.346269607543945,8.164293968118727,megabytes,1192.0,1192.0,5.0,0.17647058823529413,4.8184893440000005,4.8184893440000005,0.82734375,0.7544806985294118,success,lp
2D-gauss-4c-96p,9216,9216,39.97616647412205,,0,0.05484191694213667,seconds,8.354232549667358,8.167705777101219,megabytes,1192.0,1192.0,0.0,0.0,4.841381888,4.841381888,0.80859375,0.7578559027777778,success,lp
2D-gauss-4c-96p,9216,9216,68.71959423830019,,0,0.0529236675157138,seconds,8.754085540771484,8.609802075661719,megabytes,1192.0,1192.0,4.0,0.16666666666666666,4.822761472000001,4.822761472000001,0.82890625,0.7638237847222222,success,lp
2D-gauss-4c-96p,9216,9216,40.988829225683695,,0,0.14943057001774446,seconds,8.310681819915771,8.319671517238021,megabytes,1192.0,1192.0,6.0,0.16666666666666666,4.849803264,4.849803264,0.81015625,0.7762586805555556,success,lp
2D-gauss-4c-96p,9216,9216,38.16816723749125,,0,0.16431286870096423,seconds,9.074533700942993,8.916619825176895,megabytes,1192.0,1192.0,6.0,0.17142857142857143,4.845756416,4.845756416,0.815625,0.758861607142857,success,lp
2D-gauss-4c-96p,9216,9216,23.16168672019711,,0,0.09459602826738771,seconds,8.012081861495972,7.986285896040499,megabytes,1192.0,1192.0,5.0,0.16666666666666666,4.858200064,4.858200064,0.81796875,0.7761284722222224,success,lp
2D-gauss-4c-96p,9216,9216,22.298769563627587,,0,0.10359408547372302,seconds,9.192002058029175,9.098772725090384,megabytes,1192.0,1192.0,6.0,0.17647058823529413,4.812242944,4.812242944,0.83359375,0.7689108455882351,success,lp
2D-gauss-4c-96p,9216,9216,32.03449859728639,,0,0.19311297755735982,seconds,8.841025590896606,8.724390699528158,megabytes,1192.0,1192.0,4.0,0.17142857142857143,4.818386944,4.818386944,0.81796875,0.7717187499999998,success,lp
2D-gauss-4c-96p,9216,9216,35.74459098271346,,0,0.020404857173845346,seconds,9.071170806884766,8.87509030662477,megabytes,1192.0,1192.0,6.0,0.17142857142857143,4.839485440000001,4.839485440000001,0.8109375,0.7549330357142857,success,lp
2D-gauss-4c-96p,9216,9216,68.40481014213721,,0,0.07717098392452146,seconds,9.065807580947876,9.041625908575952,megabytes,1192.0,1192.0,5.0,0.17647058823529413,4.851933184,4.851933184,0.81171875,0.775735294117647,success,lp
2D-gauss-4c-96p,9216,9216,59.60237501877424,,0,0.09401510202382513,seconds,8.441138744354248,8.435266450978816,megabytes,1192.0,1192.0,5.0,0.17647058823529413,4.852105216,4.852105216,0.809375,0.7773437499999999,success,lp
2D-gauss-1c-128p,16384,16384,23.563114685237935,,0,0.003823491207808661,seconds,33.01386880874634,32.91110024321824,megabytes,2592.0,2592.0,7.0,0.08695652173913043,12.421484544,12.421484544,1.7890625,0.7853317481884065,success,lp
2D-gauss-1c-128p,16384,16384,94.1649268714684,,0,0.5016309901588049,seconds,35.100563526153564,35.012027125805616,megabytes,2592.0,2592.0,8.0,0.15748031496062992,12.423663616,12.423663616,1.825,0.786743356299213,success,lp
2D-gauss-1c-128p,16384,16384,105.3533556968525,,0,0.04560690497549697,seconds,33.19508647918701,33.137999153696,megabytes,2592.0,2592.0,8.0,0.15151515151515152,12.394336256,12.394336256,1.3921875,0.7814926609848487,success,lp
2D-gauss-1c-128p,16384,16384,9.285236365853509,,0,0.9303110309133236,seconds,19.78169894218445,19.776635702699423,megabytes,2592.0,2592.0,9.0,0.2692307692307692,12.276527104000001,12.276527104000001,1.9,0.8017127403846154,success,lp
2D-gauss-1c-128p,16384,16384,16.642495647425722,,0,0.20890784349446737,seconds,34.727824687957764,34.56635048054159,megabytes,2592.0,2592.0,8.0,0.1267605633802817,12.415250432,12.415250432,1.54140625,0.7827904929577462,success,lp
2D-gauss-1c-128p,16384,16384,98.62359474134357,,0,0.22074726290257476,seconds,33.540833711624146,33.4751248145476,megabytes,2592.0,2592.0,9.0,0.16129032258064516,12.402667520000001,12.402667520000001,1.275,0.7835433467741935,success,lp
2D-gauss-1c-128p,16384,16384,127.85289870183917,,0,0.006603903697116979,seconds,32.51855206489563,32.428295583464205,megabytes,2592.0,2592.0,7.0,0.09230769230769231,12.388028416000001,12.388028416000001,1.3671875,0.7838161057692307,success,lp
2D-gauss-1c-128p,16384,16384,161.36125214485097,,0,0.29228485369139695,seconds,33.08647131919861,33.09116896614432,megabytes,2592.0,2592.0,7.0,0.07142857142857142,12.388659200000001,12.388659200000001,1.7203125,0.7886662946428574,success,lp
2D-gauss-1c-128p,16384,16384,4.678353924191389,,0,0.17706817720032747,seconds,19.287943840026855,19.142952725291252,megabytes,2592.0,2592.0,9.0,0.2564102564102564,11.20518144,11.20518144,1.090625,0.7857071314102565,success,lp
2D-gauss-1c-128p,16384,16384,66.19845446767538,,0,0.34489789008378885,seconds,34.20438098907471,34.067931739613414,megabytes,2592.0,2592.0,8.0,0.0896551724137931,12.401291264000001,12.401291264000001,1.02421875,0.7796066810344828,success,lp
2D-gauss-1c-128p,16384,16384,16.70853235947588,,0,0.498275480331852,seconds,18.00275421142578,17.915928663685918,megabytes,2592.0,2592.0,9.0,0.2777777777777778,11.481268224,11.481268224,1.5421875,0.7974175347222221,success,lp
2D-gauss-1c-128p,16384,16384,15.437386784616198,,0,0.1943279348401361,seconds,33.41613411903381,33.342623428441584,megabytes,2592.0,2592.0,9.0,0.15503875968992248,12.386603008000002,12.386603008000002,1.59921875,0.7830789728682168,success,lp
2D-gauss-1c-128p,16384,16384,60.71626946180406,,0,0.05499671740484275,seconds,31.18054461479187,31.025966179557145,megabytes,2592.0,2592.0,7.0,0.0873015873015873,12.434804736,12.434804736,1.990625,0.7845548115079364,success,lp
2D-gauss-1c-128p,16384,16384,51.23598199038707,,0,0.30284129524114584,seconds,32.21452188491821,32.22576795797795,megabytes,2592.0,2592.0,9.0,0.09649122807017543,12.40969216,12.40969216,1.39921875,0.7833401864035088,success,lp
2D-gauss-1c-128p,16384,16384,20.31713851648853,,0,0.015502056842006175,seconds,31.66203999519348,31.49980443250388,megabytes,2592.0,2592.0,7.0,0.09836065573770492,12.405497856,12.405497856,1.16640625,0.7755827356557382,success,lp
2D-gauss-1c-128p,16384,16384,0.10682789490935339,,0,0.9995473887821849,seconds,19.53116202354431,19.474809860810637,megabytes,2592.0,2592.0,7.0,0.23170731707317074,12.356542464,12.356542464,1.75390625,0.8013338414634146,success,lp
2D-gauss-1c-128p,16384,16384,96.56395434456238,,0,0.20161529981378115,seconds,20.220313787460327,20.151063622906804,megabytes,2592.0,2592.0,9.0,0.24096385542168675,12.252971008000001,12.252971008000001,1.71328125,0.7994164156626506,success,lp
2D-gauss-1c-128p,16384,16384,88.3253787811192,,0,0.21281233529817886,seconds,35.241952657699585,35.18553862720728,megabytes,2592.0,2592.0,9.0,0.14685314685314685,12.439035904,12.439035904,1.76015625,0.7869372814685317,success,lp
2D-gauss-1c-128p,16384,16384,0.06381250912491156,,0,0.9997873258687607,seconds,19.843759775161743,19.744710660539567,megabytes,2592.0,2592.0,9.0,0.16883116883116883,12.064747520000001,12.064747520000001,1.90859375,0.7989042207792207,success,lp
2D-gauss-1c-128p,16384,16384,11.509784250605568,,0,0.7407551122476703,seconds,19.361942768096924,19.21281158272177,megabytes,2592.0,2592.0,8.0,0.2375,12.000456704000001,12.000456704000001,1.83515625,0.7921484374999997,success,lp
2D-gauss-1c-128p,16384,16384,0.5315351800796201,,0,0.9979789522917103,seconds,19.787436485290527,19.61452983971685,megabytes,2592.0,2592.0,7.0,0.15584415584415584,12.297924608,12.297924608,2.0296875,0.7918120941558443,success,lp
2D-gauss-1c-128p,16384,16384,47.005863348999256,,0,0.1607554878248785,seconds,32.17196321487427,32.018766367807984,megabytes,2592.0,2592.0,9.0,0.16393442622950818,12.420161536,12.420161536,1.68203125,0.7826075819672131,success,lp
2D-gauss-1c-128p,16384,16384,34.26845887651719,,0,0.0010565548279848588,seconds,31.014998197555542,30.963368485681713,megabytes,2592.0,2592.0,7.0,0.08148148148148149,12.395012096,12.395012096,1.46171875,0.783854166666667,success,lp
2D-gauss-1c-128p,16384,16384,152.60867173125436,,0,0.16237276291719532,seconds,33.05406332015991,32.89380849245936,megabytes,2592.0,2592.0,9.0,0.10655737704918032,12.418015232,12.418015232,1.821875,0.7819480020491805,success,lp
2D-gauss-1c-128p,16384,16384,32.99244470758858,,0,0.037482241446509953,seconds,33.023099184036255,32.871791768819094,megabytes,2592.0,2592.0,9.0,0.16,12.42226688,12.42226688,1.89140625,0.78439375,success,lp
2D-gauss-1c-128p,16384,16384,117.44908310924718,,0,0.08808306069518748,seconds,32.74590992927551,32.68857473228127,megabytes,2592.0,2592.0,9.0,0.09302325581395349,12.39502848,12.39502848,1.2828125,0.7836724806201555,success,lp
2D-gauss-1c-128p,16384,16384,6.943368383698987,,0,0.018765552982863656,seconds,18.407660722732544,18.394893475808203,megabytes,2592.0,2592.0,9.0,0.24,11.62876928,11.62876928,1.81953125,0.8056041666666667,success,lp
2D-gauss-1c-128p,16384,16384,80.51411597357287,,0,0.016526430770003733,seconds,34.45764470100403,34.42517402023077,megabytes,2592.0,2592.0,7.0,0.13970588235294118,12.443254784,12.443254784,1.73203125,0.7846564797794121,success,lp
2D-gauss-1c-128p,16384,16384,174.8995794014807,,0,0.01891105303066222,seconds,35.05080437660217,35.05596393439919,megabytes,2592.0,2592.0,8.0,0.13970588235294118,12.428566528000001,12.428566528000001,1.85078125,0.7877182904411764,success,lp
2D-gauss-2c-128p,16384,16384,135.7393781588726,,0,0.14457495234047785,seconds,32.93812942504883,32.79871113598347,megabytes,2592.0,2592.0,9.0,0.09090909090909091,12.396548096,12.396548096,1.12265625,0.7791370738636367,success,lp
2D-gauss-2c-128p,16384,16384,50.15093016545507,,0,0.10498837939491053,seconds,32.91686701774597,32.79003683663905,megabytes,2592.0,2592.0,8.0,0.14393939393939395,12.398530560000001,12.398530560000001,1.11640625,0.7805160984848485,success,lp
2D-gauss-2c-128p,16384,16384,31.404488411611492,,0,0.1894876537991519,seconds,32.99962377548218,32.963225023820996,megabytes,2592.0,2592.0,8.0,0.1484375,12.385951744000002,12.385951744000002,1.83828125,0.788421630859375,success,lp
2D-gauss-2c-128p,16384,16384,94.04917889594097,,0,0.05531772841471405,seconds,32.26212000846863,32.130864382721484,megabytes,2592.0,2592.0,9.0,0.15037593984962405,12.402782208000001,12.402782208000001,1.08359375,0.7789943609022557,success,lp
2D-gauss-2c-128p,16384,16384,146.6128398643369,,0,0.17446349164224356,seconds,32.79500889778137,32.73033314011991,megabytes,2592.0,2592.0,9.0,0.10256410256410256,12.444737536000002,12.444737536000002,1.70234375,0.786278044871795,success,lp
2D-gauss-2c-128p,16384,16384,105.3049517578083,,0,0.16667579693918239,seconds,32.56810402870178,32.542813698761165,megabytes,2592.0,2592.0,8.0,0.1111111111111111,12.383879168,12.383879168,1.70625,0.7863787615740738,success,lp
2D-gauss-2c-128p,16384,16384,67.37948057908511,,0,0.1872624911563347,seconds,32.37991976737976,32.34350667241961,megabytes,2592.0,2592.0,8.0,0.13,12.432175104,12.432175104,1.859375,0.7873515625000006,success,lp
2D-gauss-2c-128p,16384,16384,27.47195784001848,,0,0.20862507987092443,seconds,32.906291484832764,32.82615692913532,megabytes,2592.0,2592.0,8.0,0.13761467889908258,12.377624576,12.377624576,1.73515625,0.7861381880733944,success,lp
2D-gauss-2c-128p,16384,16384,71.43839943143223,,0,0.15088266155453742,seconds,31.427211046218872,31.27751967869699,megabytes,2592.0,2592.0,7.0,0.11764705882352941,12.381827072,12.381827072,1.26640625,0.7769301470588236,success,lp
2D-gauss-2c-128p,16384,16384,78.59343683420902,,0,0.36498797137292843,seconds,33.72986555099487,33.634006773121655,megabytes,2592.0,2592.0,9.0,0.1391304347826087,12.440543232000001,12.440543232000001,1.7203125,0.7851698369565224,success,lp
2D-gauss-2c-128p,16384,16384,49.91307867079672,,0,0.08140054682175266,seconds,31.23351788520813,31.090892993845046,megabytes,2592.0,2592.0,6.0,0.10377358490566038,12.385968128,12.385968128,1.43359375,0.7790905070754717,success,lp
2D-gauss-2c-128p,16384,16384,138.40562117926913,,0,0.13569386622790344,seconds,32.753649950027466,32.68463107291609,megabytes,2592.0,2592.0,9.0,0.19230769230769232,12.38601728,12.38601728,1.78828125,0.7884164663461543,success,lp
2D-gauss-2c-128p,16384,16384,88.31682723916879,,0,0.030375690605803706,seconds,32.32585549354553,32.25870228931308,megabytes,2592.0,2592.0,9.0,0.128,12.392353792000002,12.392353792000002,1.65390625,0.7847124999999999,success,lp
2D-gauss-2c-128p,16384,16384,27.077939225831365,,0,0.045587356084901026,seconds,32.7766330242157,32.590737075544894,megabytes,2592.0,2592.0,9.0,0.096,12.394385408000002,12.394385408000002,1.9734375,0.7839750000000002,success,lp
2D-gauss-2c-128p,16384,16384,9.976655230888024,,0,0.23979359016487614,seconds,33.21980857849121,33.09507201332599,megabytes,2592.0,2592.0,9.0,0.1487603305785124,12.375519232,12.375519232,1.1265625,0.7756650309917359,success,lp
2D-gauss-2c-128p,16384,16384,42.38720711867213,,0,0.20984855575626976,seconds,30.930708408355713,30.818083160556853,megabytes,2592.0,2592.0,9.0,0.08888888888888889,12.432154624,12.432154624,2.20859375,0.7847222222222222,success,lp
2D-gauss-2c-128p,16384,16384,54.08067525748446,,0,0.026609507871666205,seconds,32.59363055229187,32.44515902642161,megabytes,2592.0,2592.0,7.0,0.09917355371900827,12.421681152000001,12.421681152000001,1.80390625,0.7828383264462812,success,lp
2D-gauss-2c-128p,16384,16384,45.411513399743086,,0,0.01600089478291613,seconds,32.2160222530365,32.137701072730124,megabytes,2592.0,2592.0,8.0,0.16806722689075632,12.386045952,12.386045952,1.7625,0.782576155462185,success,lp
2D-gauss-2c-128p,16384,16384,36.57380874586566,,0,0.0905412271909238,seconds,32.07769823074341,31.94406226556748,megabytes,2592.0,2592.0,9.0,0.16535433070866143,12.398567424000001,12.398567424000001,1.209375,0.7802595964566931,success,lp
2D-gauss-2c-128p,16384,16384,88.3893542207035,,0,0.13932596771633057,seconds,33.30994915962219,33.18641968909651,megabytes,2592.0,2592.0,7.0,0.09322033898305085,12.409081856,12.409081856,1.26796875,0.7813757944915255,success,lp
2D-gauss-2c-128p,16384,16384,48.71256234985426,,0,0.03371040659826425,seconds,32.5350775718689,32.39602545276284,megabytes,2592.0,2592.0,9.0,0.16393442622950818,12.41327616,12.41327616,1.45859375,0.7781954405737708,success,lp
2D-gauss-2c-128p,16384,16384,42.33710382092794,,0,0.06711576950473143,seconds,31.91518807411194,31.74611072614789,megabytes,2592.0,2592.0,9.0,0.1016949152542373,12.398600192,12.398600192,0.90390625,0.775622351694915,success,lp
2D-gauss-2c-128p,16384,16384,46.257654366284775,,0,0.14440465888389123,seconds,32.712072134017944,32.58756210282445,megabytes,2592.0,2592.0,9.0,0.175,12.42376192,12.42376192,1.89765625,0.7854557291666662,success,lp
2D-gauss-2c-128p,16384,16384,12.869713528937046,,0,0.0751187998864188,seconds,32.04564547538757,31.943474515341222,megabytes,2592.0,2592.0,9.0,0.1724137931034483,12.392247296,12.392247296,1.290625,0.7822535021551722,success,lp
2D-gauss-2c-128p,16384,16384,25.83765857474311,,0,0.8292943444091821,seconds,33.297053813934326,33.23748666699976,megabytes,2592.0,2592.0,9.0,0.13675213675213677,12.41327616,12.41327616,1.4484375,0.7828859508547005,success,lp
2D-gauss-2c-128p,16384,16384,17.106289215650925,,0,0.6748380454977195,seconds,32.88747715950012,32.81912016868591,megabytes,2592.0,2592.0,9.0,0.09734513274336283,12.377612288,12.377612288,1.61953125,0.7837458517699112,success,lp
2D-gauss-2c-128p,16384,16384,52.052910350432576,,0,0.0865265038547485,seconds,32.28680658340454,32.30984716769308,megabytes,2592.0,2592.0,8.0,0.18691588785046728,12.436328448000001,12.436328448000001,2.246875,0.7957578855140187,success,lp
2D-gauss-2c-128p,16384,16384,27.298591884719592,,0,0.10614018307641444,seconds,32.39276194572449,32.25024459976703,megabytes,2592.0,2592.0,9.0,0.09821428571428571,12.434243584,12.434243584,2.30078125,0.7885044642857142,success,lp
2D-gauss-2c-128p,16384,16384,21.61823726530229,,0,0.0016135015679906671,seconds,32.77045273780823,32.77244271337986,megabytes,2592.0,2592.0,9.0,0.1724137931034483,12.427964416,12.427964416,2.034375,0.790382543103448,success,lp
2D-gauss-4c-128p,16384,16384,24.694028597695674,,0,0.1255825989492616,seconds,32.853171825408936,32.77868033479899,megabytes,2592.0,2592.0,7.0,0.15966386554621848,12.38181888,12.38181888,1.78984375,0.7854648109243697,success,lp
2D-gauss-4c-128p,16384,16384,55.206679204286644,,0,0.043626888364469624,seconds,32.379178524017334,32.36925183515996,megabytes,2592.0,2592.0,9.0,0.1557377049180328,12.4320768,12.4320768,1.81484375,0.786590676229508,success,lp
2D-gauss-4c-128p,16384,16384,38.99901681719752,,0,0.21205886493978784,seconds,32.61362171173096,32.526325601153076,megabytes,2592.0,2592.0,7.0,0.08461538461538462,12.430057472000001,12.430057472000001,2.09921875,0.7841286057692306,success,lp
2D-gauss-4c-128p,16384,16384,11.08541513261558,,0,0.3001740693558582,seconds,32.17908501625061,32.16913003008813,megabytes,2592.0,2592.0,7.0,0.10569105691056911,12.442595328000001,12.442595328000001,1.8171875,0.7861598069105691,success,lp
2D-gauss-4c-128p,16384,16384,74.02492131599627,,0,0.33492587159803616,seconds,31.696287631988525,31.599461019039154,megabytes,2592.0,2592.0,9.0,0.15384615384615385,12.421615616,12.421615616,1.7875,0.7849399038461541,success,lp
2D-gauss-4c-128p,16384,16384,72.10366271123549,,0,0.11739454776096518,seconds,32.03361988067627,31.9770812029019,megabytes,2592.0,2592.0,9.0,0.15151515151515152,12.406943744000001,12.406943744000001,1.1296875,0.7804569128787882,success,lp
2D-gauss-4c-128p,16384,16384,27.941764847692145,,0,0.47169362582229285,seconds,32.89969062805176,32.75934432540089,megabytes,2592.0,2592.0,7.0,0.14754098360655737,12.411203584,12.411203584,1.38203125,0.780302254098361,success,lp
2D-gauss-4c-128p,16384,16384,26.121431049626665,,0,0.13688523203642958,seconds,31.228989124298096,31.16879100073129,megabytes,2592.0,2592.0,8.0,0.14615384615384616,12.404842496,12.404842496,1.3859375,0.7832632211538461,success,lp
2D-gauss-4c-128p,16384,16384,50.28853589704842,,0,0.043178034014803475,seconds,32.47094130516052,32.3334451392293,megabytes,2592.0,2592.0,9.0,0.15873015873015872,12.398583808000001,12.398583808000001,1.1015625,0.7799789186507937,success,lp
2D-gauss-4c-128p,16384,16384,64.9211469929669,,0,0.23083229034449382,seconds,36.681198596954346,36.5280584320426,megabytes,2592.0,2592.0,8.0,0.08823529411764706,12.419547136,12.419547136,1.70625,0.7806008731617645,success,lp
2D-gauss-4c-128p,16384,16384,39.880036019328436,,0,0.18159855062335556,seconds,35.940863370895386,35.795209786854684,megabytes,2592.0,2592.0,7.0,0.09022556390977443,12.417449984000001,12.417449984000001,1.65390625,0.783775845864662,success,lp
2D-gauss-4c-128p,16384,16384,48.62416611837096,,0,0.1372032302650947,seconds,32.91732740402222,32.82578944694251,megabytes,2592.0,2592.0,9.0,0.15384615384615385,12.423725056,12.423725056,1.92734375,0.7868930288461541,success,lp
2D-gauss-4c-128p,16384,16384,37.52378193905408,,0,0.19464227603968368,seconds,32.20943284034729,32.07426238525659,megabytes,2592.0,2592.0,9.0,0.11538461538461539,12.409049088000002,12.409049088000002,1.2125,0.7777043269230769,success,lp
2D-gauss-4c-128p,16384,16384,30.294317818617802,,0,0.11106731962641575,seconds,31.315791368484497,31.222577510401607,megabytes,2592.0,2592.0,9.0,0.09701492537313433,12.400640000000001,12.400640000000001,1.2890625,0.7795708955223879,success,lp
2D-gauss-4c-128p,16384,16384,15.942052938975786,,0,0.33797780918391473,seconds,32.95421838760376,32.91154828295112,megabytes,2592.0,2592.0,8.0,0.10084033613445378,12.440571904,12.440571904,1.76015625,0.7862788865546219,success,lp
2D-gauss-4c-128p,16384,16384,35.600674752357236,,0,0.2925359851612734,seconds,31.226481437683105,31.085119088180363,megabytes,2592.0,2592.0,9.0,0.145985401459854,12.425879552000001,12.425879552000001,1.9265625,0.7834055656934306,success,lp
2D-gauss-4c-128p,16384,16384,30.271960894069142,,0,0.08316178398986832,seconds,32.79343318939209,32.62221011519432,megabytes,2592.0,2592.0,6.0,0.08943089430894309,12.427968512000001,12.427968512000001,2.0078125,0.783060213414634,success,lp
2D-gauss-4c-128p,16384,16384,22.25131969682258,,0,0.03351770585169905,seconds,32.217495918273926,32.10681111179292,megabytes,2592.0,2592.0,9.0,0.15503875968992248,12.425842688000001,12.425842688000001,1.9421875,0.7830002422480615,success,lp
2D-gauss-4c-128p,16384,16384,53.57843706626385,,0,0.1689458896800333,seconds,32.64761281013489,32.508078639395535,megabytes,2592.0,2592.0,9.0,0.144,12.411236352000001,12.411236352000001,1.40390625,0.7788750000000001,success,lp
2D-gauss-4c-128p,16384,16384,24.4562722341082,,0,0.35007211681250505,seconds,33.04691171646118,32.92919440660626,megabytes,2592.0,2592.0,9.0,0.16806722689075632,12.425859072000002,12.425859072000002,1.98046875,0.7849264705882352,success,lp
2D-gauss-4c-128p,16384,16384,67.31357597720353,,0,0.036002531232749393,seconds,31.922308921813965,31.854769948869944,megabytes,2592.0,2592.0,9.0,0.16129032258064516,12.409053184000001,12.409053184000001,1.265625,0.7828692036290327,success,lp
2D-gauss-4c-128p,16384,16384,42.78228802728353,,0,0.2067553667729304,seconds,32.22532558441162,32.05427692178637,megabytes,2592.0,2592.0,9.0,0.1592920353982301,12.436348928000001,12.436348928000001,1.86640625,0.784437223451327,success,lp
2D-gauss-4c-128p,16384,16384,34.696982171499485,,0,0.060957283628134816,seconds,33.02673125267029,32.884412195533514,megabytes,2592.0,2592.0,9.0,0.15037593984962405,12.415393792000001,12.415393792000001,1.45546875,0.7816846804511278,success,lp
2D-gauss-4c-128p,16384,16384,22.317097085593574,,0,0.05745992126040918,seconds,32.15155005455017,32.1002395125106,megabytes,2592.0,2592.0,9.0,0.13768115942028986,12.44260352,12.44260352,1.73828125,0.7858129528985505,success,lp
2D-gauss-4c-128p,16384,16384,20.863723000465065,,0,0.15956508178300613,seconds,32.94059348106384,32.80940505862236,megabytes,2592.0,2592.0,9.0,0.15748031496062992,12.40696832,12.40696832,1.15546875,0.7795952263779525,success,lp
2D-gauss-4c-128p,16384,16384,31.593538830404558,,0,0.18299181458105923,seconds,32.98695135116577,32.86395527981222,megabytes,2592.0,2592.0,7.0,0.08943089430894309,12.398563328000002,12.398563328000002,1.234375,0.780684705284553,success,lp
2D-gauss-4c-128p,16384,16384,24.485553503740377,,0,0.32591994145194275,seconds,32.73666715621948,32.680997450836,megabytes,2592.0,2592.0,7.0,0.09836065573770492,12.415393792000001,12.415393792000001,1.37890625,0.7837666495901645,success,lp
2D-gauss-4c-128p,16384,16384,67.56080398183703,,0,0.06474470170323293,seconds,32.689677238464355,32.60316260159016,megabytes,2592.0,2592.0,7.0,0.09836065573770492,12.442615808000001,12.442615808000001,1.725,0.7820184426229508,success,lp
2D-gauss-4c-128p,16384,16384,58.69791170471686,,0,0.10499426445617266,seconds,31.948536157608032,31.832057803869247,megabytes,2592.0,2592.0,8.0,0.09230769230769231,12.396441600000001,12.396441600000001,1.24453125,0.7809855769230767,success,lp
